Other,Tool,Economic,Connection,Info,Spanish,age,inc,party_lean,marital,educ2,emplnw,hisp,racem1
,,,1,1,Spanish,62,2,4,1,3,3,1,1
,,,,1,Spanish,58,98,4,2,2,1,1,7
,1,,,,Spanish,40,3,2,1,3,1,1,1
,,1,,,Spanish,38,4,2,1,7,4,1,7
,,,,1,Spanish,40,99,9,1,1,4,1,7
,,1,1,,Spanish,68,2,4,4,1,1,1,7
1,,,,,Spanish,72,2,4,3,3,3,1,7
,,,1,,Spanish,47,5,3,4,4,1,1,1
,,,1,,Spanish,23,98,2,6,5,2,1,1
,,,,1,Spanish,62,4,2,1,3,1,1,7
,,,,1,Spanish,51,99,2,5,7,1,1,1
,,,,1,Spanish,30,2,2,4,6,2,1,1
,,,1,,Spanish,42,5,3,1,3,4,1,1
,,,,1,Spanish,30,6,8,1,1,1,1,1
,,,,1,Spanish,32,3,2,1,3,4,1,1
1,,,,,Spanish,77,1,1,5,3,3,1,1
,1,,1,1,Spanish,27,98,1,6,2,1,1,7
,,,,1,Spanish,36,1,4,2,6,1,1,7
,,,1,,Spanish,37,1,3,1,2,4,1,7
,,1,,,Spanish,37,1,2,1,3,1,1,1
,,,1,,Spanish,56,99,2,1,1,4,1,1
,,1,,1,Spanish,34,3,2,6,3,1,1,7
,,1,,,Spanish,50,1,1,1,5,1,1,8
,,,,,Spanish,74,1,4,4,6,3,1,2
1,,,,,Spanish,18,1,3,6,3,2,1,8
1,,,,,Spanish,55,1,3,2,98,2,1,1
,,,,1,Spanish,39,3,2,6,3,1,1,1
,,,1,1,Spanish,88,98,4,1,6,4,1,1
,,,,1,Spanish,24,98,2,6,1,4,1,7
,,,,1,Spanish,43,5,2,1,3,1,1,7
,,,,1,Spanish,68,99,2,1,8,1,1,7
,,,1,,Spanish,71,1,4,1,98,4,1,1
1,,,,,Spanish,33,1,2,1,1,1,1,8
,,,,1,Spanish,35,3,2,6,6,8,1,7
,,,,1,Spanish,34,2,2,4,2,1,1,7
,,,1,,Spanish,38,2,3,1,1,2,1,1
,,,1,1,Spanish,54,1,2,1,1,1,1,1
,,,1,,Spanish,19,3,2,6,3,1,1,1
,,,,,Spanish,24,1,2,3,6,4,1,1
,,,1,,Spanish,57,4,2,1,1,1,1,9
,,,1,,Spanish,38,5,2,1,3,1,1,7
,,,,1,Spanish,29,3,1,2,2,4,1,7
,1,,,,Spanish,31,5,3,1,7,1,1,7
,,,,1,Spanish,55,5,1,1,3,1,1,7
,,,,1,Spanish,41,99,2,4,3,1,1,7
,1,,,,Spanish,75,98,2,1,1,3,1,1
,,,,1,Spanish,65,1,4,3,1,1,1,7
,1,1,,1,Spanish,46,3,2,1,3,1,1,7
,,1,,,Spanish,50,2,2,4,4,2,1,7
,1,,,1,Spanish,50,2,9,1,2,2,1,7
1,,,,,Spanish,51,8,3,3,7,1,1,1
,,,,1,Spanish,26,2,2,1,4,4,1,1
,,1,1,1,Spanish,55,1,1,4,1,2,1,7
,,,,1,Spanish,44,1,2,4,6,4,1,1
,,,,1,Spanish,58,99,2,3,6,3,1,1
1,,,,,Spanish,27,2,3,4,1,1,1,7
,,,1,,Spanish,50,2,2,1,1,1,1,8
,,,1,,Spanish,43,1,1,1,2,1,1,1
1,,,,,Spanish,45,3,2,4,1,1,1,7
,,,,1,Spanish,50,6,3,4,6,1,1,1
,,,,1,Spanish,40,3,2,1,3,2,1,7
1,,,,,Spanish,32,3,3,1,3,1,1,3
,,,1,1,Spanish,33,6,4,1,3,1,1,1
,,,1,,Spanish,34,5,2,1,3,1,1,5
,,,1,,Spanish,45,98,2,1,8,2,1,1
,1,,,,Spanish,66,3,1,1,4,3,1,1
,,,,1,Spanish,43,6,2,1,3,4,1,1
,,,1,,Spanish,25,4,2,6,6,1,1,1
,,1,,,Spanish,30,2,2,1,1,2,1,1
,1,,1,,Spanish,54,2,2,1,2,6,1,1
,,,,1,Spanish,68,1,1,6,7,3,1,7
,,,1,,Spanish,27,3,1,1,3,2,1,1
1,,,,,Spanish,57,2,4,1,1,1,1,7
,1,,,1,Spanish,40,4,3,1,3,1,1,1
,,1,,,Spanish,38,99,2,1,3,1,1,7
1,,,,,Spanish,34,4,2,1,4,4,1,1
,,,1,,Spanish,52,98,8,1,1,2,1,8
,,,,1,Spanish,26,2,2,1,3,4,1,1
,,,1,,Spanish,63,98,3,4,2,2,1,1
,,1,,,Spanish,31,9,9,2,4,1,1,7
,1,,1,,Spanish,30,4,3,1,3,1,1,7
,,,1,,Spanish,40,1,3,1,1,4,1,1
,,,,1,Spanish,50,2,2,5,2,4,1,7
,,,1,1,Spanish,36,1,1,4,2,4,1,1
,1,,1,,Spanish,41,2,3,1,3,8,1,7
,,,,1,English,28,3,3,6,4,4,2,1
,,,1,,English,20,6,2,6,4,2,2,1
,,,,1,English,62,2,1,3,5,1,2,1
,,,1,,English,67,2,1,1,8,3,2,3
,,,1,,English,46,6,2,2,6,1,2,2
,,,1,,English,84,99,9,9,99,99,9,9
,,,,1,English,67,8,1,1,7,3,2,1
1,1,,,,English,97,9,2,1,7,1,2,1
1,,,,,English,77,6,2,1,3,3,2,2
1,,,,,English,50,99,1,9,7,1,2,1
,,,,1,English,59,8,1,1,3,3,2,1
,,,,1,English,33,6,2,1,7,1,2,1
1,,,,,English,51,9,2,1,6,4,2,1
,,,1,,English,49,2,2,2,3,6,2,2
,,,,1,English,24,1,2,6,5,1,2,1
,,1,,,English,60,9,1,1,4,1,2,1
,,,,1,English,39,5,2,2,5,1,2,1
,,,1,1,English,24,99,2,6,6,4,2,1
1,,,,,English,36,7,2,1,6,1,2,1
,,,,1,English,58,8,2,1,6,1,2,1
,,,,1,English,61,99,9,1,5,1,2,1
,,,,1,English,28,4,2,6,4,1,2,1
,,,,1,English,65,4,3,1,5,3,2,1
,,,1,1,English,65,7,2,1,6,1,2,1
,,,,1,English,46,8,2,1,6,1,2,1
,,,1,,English,23,2,3,6,3,1,2,2
,,,1,,English,62,5,2,3,6,1,2,1
,,,1,,English,27,4,2,6,6,1,2,1
,,,,1,English,75,99,2,1,7,2,2,1
,,,1,1,English,42,9,2,1,8,1,2,1
,,,1,,English,53,9,1,1,6,1,2,2
,,,,1,English,24,3,1,1,2,1,2,1
,,,,1,English,37,8,1,1,8,1,2,1
1,,,,,English,27,4,2,5,5,1,1,2
,1,,,1,English,25,3,3,6,3,1,2,1
,,,,1,English,21,7,2,6,6,7,2,1
,,,,1,English,36,2,2,6,7,1,2,2
,,,,1,English,46,6,1,2,3,4,2,1
,,,,1,English,51,3,3,3,3,1,2,2
,,,,1,English,42,8,2,1,6,1,2,2
,,,1,,English,19,8,3,6,3,1,2,2
,1,,,1,English,61,3,2,1,4,6,2,1
,1,,1,1,English,63,99,3,6,7,1,8,9
,,,1,1,English,65,99,2,2,6,3,2,1
,,,,1,English,51,6,1,1,3,1,2,9
1,,,,,English,18,8,2,6,3,2,2,1
,,,1,,English,20,9,1,6,4,1,1,1
,,,1,1,English,36,9,2,1,6,1,2,3
,,,,1,English,44,9,2,1,6,1,2,1
,,,,1,English,65,8,2,5,6,3,2,1
,,,,1,English,54,99,2,6,7,2,2,3
,,,,1,English,46,5,1,2,4,1,2,1
,,1,1,,English,46,7,2,3,6,1,2,2
,,,1,,English,46,4,2,6,2,1,2,2
,,,,1,English,55,1,4,2,2,2,2,1
,,,,1,English,45,6,2,1,5,1,2,1
1,,,,,English,90,9,2,5,7,3,2,1
,,,,1,English,55,1,1,1,6,5,2,1
,,,1,1,English,30,9,2,1,6,1,2,1
,,,,1,English,30,99,1,1,6,1,2,1
,,,1,,English,66,8,9,1,6,1,2,1
,,,,1,English,43,7,2,1,6,1,2,1
,,,1,,English,30,5,1,1,8,1,2,1
,,1,1,,English,24,99,9,6,3,4,2,2
,,,,1,English,68,7,2,1,7,3,2,1
1,,,,,English,60,99,2,1,6,1,2,1
,,1,,,English,64,6,1,6,8,1,2,1
,,,,1,English,50,99,2,1,4,4,2,1
,1,,,,English,48,3,2,1,5,5,2,1
,,,,1,English,38,7,3,1,8,1,2,3
,1,1,,,English,23,3,1,2,6,1,2,1
,1,,,1,English,21,1,2,6,4,2,2,1
,,1,,1,English,99,8,2,1,6,1,2,1
1,,,,,English,21,9,2,6,4,2,1,1
1,,,,,English,40,1,4,1,4,99,2,1
1,,,,,English,84,5,1,5,5,3,2,5
,,,,1,English,23,7,2,1,3,1,2,1
,,,,1,English,40,8,1,1,6,1,2,1
,,,,1,English,56,9,1,1,6,1,2,1
,,,1,,English,66,7,3,1,8,1,2,1
,1,,,,English,55,99,9,4,3,1,2,2
,,1,,1,English,28,98,1,6,7,7,2,2
,,,,1,English,21,2,2,6,5,4,2,1
,,,,1,English,65,99,3,1,8,1,9,9
,,,,1,English,66,99,2,9,8,3,2,1
1,,,,,English,23,5,2,6,5,1,1,1
,,1,1,1,English,29,7,2,6,6,4,2,1
,,,,1,English,59,5,2,1,8,5,1,1
,,,,1,English,57,8,1,1,7,1,2,1
,,,1,1,English,68,99,2,3,6,3,2,2
,,,1,,English,99,4,1,5,5,5,2,1
,,,,1,English,67,7,1,1,7,3,2,1
,,,,1,English,67,8,1,1,6,1,2,1
,,,1,,English,60,2,1,6,6,2,2,2
,,,,1,English,47,2,4,1,7,1,1,7
,,,,1,English,65,8,1,3,3,1,2,1
,,,1,,English,27,98,2,6,5,2,1,7
,,,,1,English,38,6,1,3,8,1,2,1
,,1,,,English,28,9,2,2,6,1,1,1
,,,,1,English,46,9,2,1,6,1,1,1
,,,1,1,English,29,7,2,1,6,1,2,1
,,,,1,English,61,6,2,1,7,2,2,1
,,,,1,English,61,8,1,1,6,5,2,1
,,,,1,English,29,2,2,6,6,1,2,1
,,,,1,English,53,7,2,1,3,1,2,2
,1,,,,English,30,8,2,1,7,1,2,3
1,,,,,English,47,4,1,1,8,2,2,1
,,,1,1,English,18,98,1,6,3,2,1,1
,,,,1,English,39,8,2,1,6,1,1,1
,,,,1,English,81,4,1,5,3,4,2,1
,,,,1,English,39,9,2,1,6,1,2,1
,,,1,,English,70,7,2,3,8,1,2,2
,,,,1,English,70,6,1,1,6,3,2,1
,,,,1,English,55,7,2,1,6,1,2,1
,1,,,1,English,20,4,8,6,3,4,2,5
,,,,1,English,70,8,2,5,8,3,2,1
,,,1,,English,51,6,4,1,4,2,2,1
,,,,1,English,67,98,3,1,3,3,2,2
,1,,1,1,English,32,5,3,1,3,1,2,1
,,,,1,English,30,98,1,6,6,1,2,1
,,,,1,English,56,9,3,1,8,1,2,1
,,,1,1,English,57,3,2,4,2,1,2,2
,,,,1,English,21,6,1,6,3,1,2,1
,,,,1,English,67,7,2,1,3,3,2,1
,1,,,1,English,40,9,2,1,7,1,2,1
,1,,1,,English,38,1,2,6,2,4,2,2
,,1,,,English,62,7,1,3,6,1,2,1
,,,,1,English,64,1,1,3,4,3,2,1
,,,,1,English,60,8,2,1,6,1,2,1
,,,1,,English,50,7,8,4,2,5,1,7
,,,1,,English,82,9,1,1,8,3,2,1
,,,,1,English,78,7,2,1,8,3,2,1
,,,,1,English,47,9,2,1,8,2,2,1
,,,1,,English,26,4,1,6,8,1,2,1
,1,,,1,English,62,7,1,1,4,3,2,1
,,,,1,English,67,9,2,1,6,2,2,1
,,,1,1,English,66,7,3,1,7,1,2,2
1,,,,,English,19,1,2,6,3,4,2,2
,,,,1,English,21,3,1,6,5,1,2,9
,,,1,,English,68,6,1,1,4,3,2,1
,,,,1,English,42,9,2,1,6,1,2,1
,,,1,,English,57,7,2,5,6,1,2,1
1,,,,,English,50,99,9,1,7,1,2,1
,,,,1,English,47,9,1,1,6,1,2,1
,,,1,,English,44,99,2,1,8,1,2,3
,,,,1,English,80,7,1,1,6,3,2,1
,,,,1,English,28,4,2,6,6,1,2,1
,,,,1,English,50,9,1,1,4,1,2,1
1,,,,,English,50,6,2,1,4,1,2,1
,,,1,,English,39,6,3,1,6,1,2,1
,,,,1,English,25,5,4,6,3,2,2,1
1,,,,,English,68,7,2,2,3,3,2,1
,,,,1,English,58,6,1,1,5,1,2,1
,,,,1,English,27,8,3,1,7,1,2,3
,,,1,,English,18,2,8,6,2,4,1,7
,,,,1,English,55,99,1,1,6,1,2,1
,,,,1,English,25,3,2,2,6,2,2,1
,,,,1,English,67,2,4,3,6,3,2,1
,,,,1,English,60,8,2,1,1,1,2,3
,,,,1,English,22,7,2,6,6,7,1,1
,,,,1,English,40,9,1,1,3,5,2,1
1,,,,,English,84,99,1,5,4,3,2,1
,,,,1,English,56,9,2,1,4,1,2,1
,,,1,,English,43,8,1,1,7,1,2,1
,1,,,1,English,45,9,1,1,3,1,2,1
,,,,1,English,67,3,1,1,4,3,2,5
,,,,1,English,35,8,4,1,5,1,2,1
,,,1,,English,46,8,2,1,6,1,2,1
,,,,1,English,70,99,1,6,7,3,2,1
,,,,1,English,72,6,2,1,6,4,2,1
,,,1,,English,50,1,1,2,4,4,1,7
,,,,1,English,76,3,3,6,6,3,2,1
,,,1,1,English,29,5,2,6,6,1,2,1
,1,,,,English,43,3,2,1,6,1,1,7
,,,1,,English,63,99,3,1,6,3,2,1
,,,1,,English,18,98,4,6,3,4,2,1
,,,,1,English,79,8,2,1,6,3,2,1
,,,,1,English,47,9,1,1,8,1,2,1
,,,,1,English,60,9,2,1,6,3,2,1
1,,,,,English,46,9,3,1,7,1,2,3
,,,1,,English,74,99,1,1,4,3,2,1
,,,1,,English,19,1,2,6,3,4,2,2
,,,,1,English,44,99,9,1,7,5,2,2
,,,1,1,English,67,8,1,1,6,1,2,1
,1,,,,English,73,2,2,3,4,3,2,2
,,,1,,English,67,7,2,6,3,1,2,1
,,,1,,English,68,3,1,3,4,3,2,1
,,,,1,English,43,8,3,1,3,1,2,1
1,,,,,English,69,7,1,1,4,3,2,1
,,,1,,English,65,9,1,6,5,1,2,1
,,1,,1,English,44,9,2,4,7,1,2,1
,,,,1,English,22,2,2,6,3,4,2,2
,,,1,,English,19,5,2,6,4,2,1,7
,,,,1,English,72,6,1,1,5,3,2,1
,,,,1,English,26,3,2,2,4,2,2,1
1,,,,,English,20,6,1,6,3,2,2,1
,,,1,,English,62,99,2,5,7,1,2,1
,,1,1,1,English,35,8,3,1,6,1,1,7
,,,,1,English,20,6,2,6,4,8,2,2
,,,1,,English,22,4,1,2,4,6,2,3
,,,,1,English,30,2,2,4,2,1,2,1
1,,,,,English,84,3,2,5,6,3,2,2
,,,1,,English,50,99,1,9,6,2,2,1
,,,,1,English,81,2,3,5,3,3,2,1
,,,,1,English,60,5,1,1,3,1,2,1
,,,1,1,English,57,7,1,2,3,1,2,1
,,,,1,English,99,4,1,3,3,1,2,1
,,,,1,English,43,4,3,1,6,2,2,1
,,,,1,English,51,9,2,1,8,1,2,1
,,,1,,English,73,5,1,5,5,1,2,1
,,,1,1,English,53,4,2,6,3,1,2,2
,,,1,,English,62,9,2,1,8,1,2,1
,,,,1,English,25,3,2,6,6,2,2,1
,,,,1,English,62,9,2,2,4,5,2,1
,1,,,1,English,47,4,4,6,3,1,2,1
,,,,1,English,75,9,1,3,6,3,2,1
,,,,1,English,66,99,9,1,6,1,2,1
1,,,,,English,62,99,1,4,5,3,2,1
,,,1,,English,45,99,2,1,6,1,2,1
,,,1,,English,65,7,1,1,4,3,2,1
,,,,1,English,24,4,2,6,3,4,2,1
,,,,1,English,57,8,2,1,6,1,2,1
,,,,1,English,24,3,2,6,3,2,2,1
,,1,1,1,English,74,9,2,1,7,2,1,1
,,,,1,English,66,5,2,2,6,3,2,1
,,,1,,English,71,6,1,5,4,3,2,1
,,,,1,English,60,6,2,1,6,1,2,1
,,,,1,English,70,8,2,1,6,3,2,1
,,,,1,English,61,6,2,3,6,4,2,1
,,,,1,English,41,8,2,1,6,1,2,2
,,,1,1,English,35,3,3,6,3,1,2,1
,,,,1,English,40,8,2,1,3,1,2,1
,,,,1,English,51,8,2,1,6,1,2,1
,,,1,1,English,26,6,3,1,6,7,2,1
,,,1,1,English,69,8,1,1,6,3,2,1
,,,1,1,English,30,99,4,9,4,2,9,9
,,,,1,English,74,6,2,3,6,3,2,1
,,,,1,English,65,5,2,3,6,2,2,1
,,,,1,English,47,5,2,1,6,4,2,1
,,,1,1,English,20,98,2,6,3,1,2,2
,,,,1,English,35,1,2,6,6,4,2,2
,,,,1,English,59,6,1,3,6,1,2,1
,,1,,,English,18,98,1,6,3,4,2,1
,,,,1,English,46,9,2,1,8,2,2,1
,,,,1,English,90,99,1,1,4,3,2,1
,,,,1,English,60,8,1,1,6,3,2,1
,,,,1,English,56,3,2,5,5,2,2,2
,,,1,,English,62,4,2,1,5,3,2,2
,,,,1,English,56,5,3,1,3,1,2,1
,,,,1,English,23,2,2,6,6,2,2,1
,,,1,,English,71,1,4,5,2,3,2,1
,,,1,,English,20,6,2,6,4,2,2,2
1,,,,,English,27,4,2,6,8,2,2,1
,,,1,1,English,76,5,2,5,5,5,2,1
,,,1,1,English,57,7,1,2,4,1,2,1
,,,,1,English,60,7,1,3,6,1,2,1
,,,1,,English,60,8,1,1,3,2,2,1
,,,,1,English,28,6,2,6,6,1,2,1
,,,,1,English,20,8,2,6,5,1,1,7
,,,1,1,English,38,4,1,1,5,2,1,1
,,,,1,English,18,98,8,6,2,1,1,7
1,,,,,English,79,1,1,5,5,3,2,2
1,,,,,English,53,98,8,1,3,6,2,3
,,,,1,English,58,4,2,6,4,1,2,2
,,,1,,English,64,99,2,1,8,1,2,1
,,,,1,English,55,4,2,5,5,1,1,1
,,,,1,English,25,4,9,6,6,1,1,2
,,,1,1,English,68,2,1,6,6,2,2,1
,,,,1,English,20,6,2,6,4,2,2,1
,,,,1,English,74,6,2,1,6,3,2,1
,,,,1,English,49,7,3,1,5,3,2,2
,,,,1,English,54,8,2,3,6,1,2,1
,,,,1,English,60,6,1,5,5,3,2,1
,1,,,1,English,55,8,1,1,5,1,2,1
,,,,1,English,31,5,2,1,4,2,2,1
,,,,1,English,44,99,1,2,5,1,2,1
,,,,1,English,66,6,1,2,3,3,2,1
,,,1,1,English,21,99,1,6,4,2,2,1
,,,,1,English,62,8,1,1,3,1,2,1
,,,,1,English,61,8,1,1,4,1,2,5
,1,,1,1,English,51,2,3,6,4,1,2,9
,,,,1,English,23,98,3,6,3,1,2,1
,,,,1,English,24,2,1,2,6,1,2,1
,,,,1,English,53,9,3,1,7,1,2,1
,,,,1,English,99,7,2,1,6,3,2,1
,,,,1,English,57,99,1,1,6,1,2,1
,,,,1,English,55,8,1,1,6,1,2,1
1,,,,,English,42,8,9,9,6,1,2,9
,,,1,,English,58,98,1,3,2,6,2,1
,,,,1,English,20,9,1,6,5,2,2,1
,,,,1,English,82,4,3,1,5,3,2,1
,,1,,,English,55,5,2,6,6,2,2,2
,1,,,,English,56,99,3,6,2,1,2,5
,,,,1,English,25,98,2,6,6,1,2,3
,,,,1,English,60,9,2,1,3,2,2,1
,,,1,1,English,58,7,1,1,3,1,2,1
,1,,1,,English,30,8,2,6,6,1,2,4
,,,,1,English,26,9,2,6,3,2,2,1
,,,,1,English,32,9,2,2,6,1,2,1
,,,1,,English,36,99,3,1,8,1,2,1
1,,,,,English,50,99,9,1,8,1,2,1
,,,1,,English,24,99,9,6,3,1,1,9
,1,,1,,English,32,98,4,6,3,4,2,1
,,,,1,English,41,6,2,1,3,1,2,1
,,,,1,English,57,3,2,6,2,4,2,2
,,,,1,English,50,8,2,1,7,1,2,2
,,,1,,English,99,99,2,1,7,3,2,9
,,,,1,English,39,8,2,1,8,1,2,1
,,,1,,English,72,99,9,1,99,99,9,9
1,,,,,English,55,7,1,1,4,1,2,1
,,,,1,English,44,9,3,1,6,1,2,3
,,,1,,English,90,3,1,5,7,3,2,1
,,,1,,English,99,9,2,5,6,3,2,1
1,,,,,English,23,1,2,6,7,2,2,1
,,,,1,English,39,8,1,1,3,1,2,1
,,,1,1,English,25,9,2,6,6,1,2,3
,,,,1,English,65,99,1,1,8,1,2,1
1,,,,,English,21,2,2,1,3,4,2,2
,,,,1,English,52,6,2,1,4,1,2,1
,,,,1,English,49,9,2,1,7,1,2,1
,,,,1,English,44,1,3,6,4,4,2,1
,,,,1,English,24,99,2,6,6,1,2,1
,,,1,1,English,35,9,2,1,6,2,2,1
1,,,,,English,18,4,1,6,3,2,2,1
,,,1,,English,87,8,2,1,7,3,2,2
,,,,1,English,37,6,2,6,7,1,2,1
,,,1,,English,81,9,1,1,5,3,2,1
,,,,1,English,73,2,2,1,7,3,2,1
,,,1,,English,67,5,3,1,7,3,2,1
,,,,1,English,56,1,2,6,6,2,2,1
,,,,1,English,43,8,3,1,6,4,2,3
,,,,1,English,69,5,2,6,6,3,2,1
,,,,1,English,66,5,3,3,3,3,2,1
,,,1,,English,60,9,1,1,5,1,2,1
,,,,1,English,83,3,2,3,4,3,2,1
,,,,1,English,57,8,2,1,8,1,2,1
,,,,1,English,61,3,2,3,3,1,2,1
,,,,1,English,56,4,1,6,7,1,1,1
,,,,1,English,63,9,2,6,8,1,2,1
,,,,1,English,47,6,2,2,6,1,2,1
,,,,1,English,43,9,2,1,8,4,2,2
1,,,,,English,53,1,2,3,3,1,2,1
,,,,1,English,99,99,9,9,99,99,9,9
,,,,1,English,33,6,2,2,3,1,2,1
,,,,1,English,59,1,2,6,5,6,2,2
,,,,1,English,60,3,1,6,2,2,2,1
,,,,1,English,79,1,2,1,1,3,1,7
,,,1,,English,71,6,1,1,4,3,2,1
,,,1,,English,99,99,9,9,8,99,9,9
,,,,1,English,38,8,1,1,3,1,2,1
,,,,1,English,88,4,1,1,3,5,2,1
,,,1,,English,50,3,2,1,4,1,2,1
,,,,1,English,36,7,3,1,6,1,1,1
,,,1,,English,40,3,5,1,6,1,2,1
,,,,1,English,65,6,2,3,7,1,2,1
,,,,1,English,50,98,2,1,6,1,2,1
,,,,1,English,60,4,3,4,5,1,1,2
,,,,1,English,24,5,2,6,6,1,2,1
1,,,,,English,51,3,2,1,6,1,2,1
,,,,1,English,37,6,2,6,6,1,2,1
,,,1,,English,21,6,3,6,3,2,2,3
,,,,1,English,74,7,1,1,5,2,2,1
,,,,1,English,62,5,1,1,3,3,2,1
,,,1,,English,30,98,4,1,4,8,2,3
,,,,1,English,20,9,1,6,6,4,1,7
,,,1,1,English,19,98,2,6,3,4,2,1
,,,,1,English,80,5,1,1,4,3,2,1
,,,,1,English,34,3,2,6,5,2,2,2
,,,,1,English,66,1,1,5,2,3,2,1
,,,,1,English,56,6,1,1,5,3,2,1
,,,1,,English,57,9,1,1,3,1,2,1
,,,,1,English,78,6,2,1,4,3,2,1
,,,,1,English,18,99,2,5,3,4,2,1
,,,,1,English,45,9,2,1,8,1,2,1
1,,,,,English,68,3,2,1,3,3,2,1
,,,,1,English,40,8,2,1,6,1,2,2
1,,,,,English,34,7,2,6,8,1,2,1
,,,,1,English,75,5,2,1,7,3,2,1
,,,,1,English,65,7,1,1,6,3,2,1
,,,1,,English,25,6,2,6,6,1,2,1
,1,,,1,English,31,4,1,1,5,4,2,1
,,,,1,English,61,8,3,1,7,1,1,1
,,,,1,English,99,99,9,9,99,1,2,9
,,,,1,English,23,9,9,9,99,99,9,9
,,,,1,English,81,2,1,6,6,3,2,1
,,,,1,English,60,7,2,3,3,3,2,1
,,,,1,English,70,7,2,1,8,3,1,1
,,,,1,English,27,5,2,6,5,2,2,2
,,,,1,English,64,7,2,1,7,3,2,1
,,,,1,English,30,99,9,1,7,4,2,3
,,,1,,English,19,7,2,6,4,2,2,1
,,,,1,English,29,4,2,2,6,1,2,1
,,,,1,English,62,6,1,1,3,3,2,1
,,1,,,English,67,4,1,1,8,3,2,1
,1,,,1,English,51,8,4,1,7,1,1,7
,,,,1,English,66,3,1,3,3,1,2,1
,,,,1,English,79,9,1,1,3,1,2,1
,,,1,,English,80,5,1,1,5,3,2,1
,,,,1,English,68,3,1,5,3,3,2,1
,,,,1,English,60,7,1,1,3,2,2,1
,,,1,1,English,74,5,1,1,7,3,2,1
,1,,1,,English,48,7,1,3,8,1,2,1
,,,1,,English,45,9,2,1,8,1,2,1
1,,,,,English,64,8,9,1,7,1,8,9
,,,,1,English,28,8,5,2,6,1,2,9
,,,,1,English,73,98,2,1,2,3,2,2
,,,,1,English,43,6,1,6,8,1,2,1
,,,,1,English,35,4,2,1,6,1,2,1
1,,,,,English,47,6,2,1,3,1,2,1
,,,,1,English,61,8,2,1,6,1,2,1
,,,,1,English,55,3,4,3,6,4,2,1
1,,,,,English,38,7,2,4,3,1,2,1
,,,,1,English,28,9,1,1,6,1,2,1
,,,,1,English,34,9,2,1,7,1,2,3
,,,,1,English,37,8,2,1,6,4,2,1
,,,1,,English,18,3,2,6,4,4,2,1
,,,1,,English,73,6,2,1,6,2,2,2
1,,,,,English,60,1,2,1,2,6,2,1
1,,,,,English,23,98,2,6,5,4,1,1
,,,,1,English,68,8,1,1,7,3,2,1
,,,,1,English,59,99,9,1,7,3,2,2
,,,1,,English,30,5,2,6,4,1,2,3
,,,1,,English,67,6,3,3,5,3,2,1
,,,,1,English,19,4,2,6,4,2,2,1
,,,,1,English,48,1,2,6,4,4,2,4
,,,1,,English,22,3,1,6,3,2,2,1
,,,1,,English,99,99,9,9,99,99,9,9
,,,1,,English,63,6,2,1,6,1,2,9
,,,,1,English,67,6,2,1,8,3,2,1
,,,,1,English,49,9,1,1,7,1,2,9
,,,,1,English,65,9,1,1,6,3,2,1
,,,1,,English,54,99,2,3,4,4,2,9
,,,1,,English,32,8,2,1,6,1,2,1
1,,,,,English,35,9,1,1,6,1,1,7
,,,1,,English,37,6,4,6,3,1,2,1
,,,,1,English,59,8,3,1,6,2,2,1
,,,1,,English,79,7,2,6,7,3,2,5
,1,,,1,English,77,6,3,1,7,3,2,1
,,,1,,English,91,2,1,5,3,3,2,1
1,,,,,English,83,4,2,5,6,3,2,1
1,,,,,English,74,2,2,3,3,3,2,1
,,,,1,English,62,8,1,1,8,3,2,1
,,,,1,English,19,9,1,6,4,2,2,2
,,,,1,English,18,99,2,1,6,2,2,1
,1,,,,English,31,9,3,1,7,1,9,9
,,,,1,English,22,2,2,6,4,7,2,1
,,,1,,English,19,9,1,6,4,4,2,1
,,,1,1,English,54,6,1,3,4,1,1,1
,,,1,,English,44,2,1,3,3,5,2,1
,,,1,1,English,33,1,1,6,3,1,1,7
,,,,1,English,19,6,1,1,4,1,2,1
,,,,1,English,65,8,1,1,4,5,2,1
,,,1,,English,37,2,2,4,6,1,2,1
,,,1,1,English,52,7,3,1,5,2,2,1
,,,,1,English,82,99,2,1,7,3,2,1
,,,1,,English,53,99,3,5,4,5,2,1
,,,,1,English,80,7,2,1,3,3,2,1
,,1,,,English,25,7,1,6,6,1,2,3
1,,,,,English,62,7,2,1,4,3,2,1
,,,,1,English,53,4,1,5,6,3,2,1
,,,,1,English,19,98,2,6,3,2,1,1
,,,,1,English,40,9,2,1,6,1,2,3
,,,,1,English,75,6,1,1,3,3,2,1
,,,1,,English,33,7,2,1,6,1,2,1
1,,,,,English,55,2,2,6,3,2,2,2
,,,1,1,English,52,9,1,1,4,2,2,1
,,,1,,English,56,7,3,6,6,1,1,1
,,,1,,English,59,9,1,1,7,1,2,1
,,,1,,English,24,8,2,2,7,1,2,2
,1,1,,1,English,33,2,1,3,3,2,2,1
,,1,,1,English,40,8,1,1,5,1,8,1
,,,1,1,English,70,6,2,1,6,3,1,1
,,,,1,English,47,99,3,1,8,1,2,1
,,,1,1,English,30,99,8,1,6,1,2,2
,,,,1,English,31,1,1,2,5,2,2,5
,,,,1,English,47,9,2,1,8,2,2,1
,,,1,1,English,68,9,2,3,3,3,2,1
,,,1,,English,82,99,1,1,5,3,2,1
,,1,,,English,66,2,1,5,2,3,2,1
,,,,1,English,46,9,2,3,6,2,2,1
,,,,1,English,39,1,2,6,2,4,1,4
,,,,1,English,51,8,2,1,6,5,2,1
,,,1,1,English,65,6,2,3,6,2,2,1
,,,1,,English,88,7,1,5,4,3,2,1
,,,,1,English,53,99,2,3,6,1,2,1
,1,,,1,English,81,6,2,5,6,3,2,1
,1,,,,English,64,5,1,1,6,3,2,1
,,,,1,English,52,8,2,1,6,1,2,1
,,,,1,English,34,3,1,6,2,1,2,1
,,,1,1,English,49,2,4,1,5,2,2,1
,,,,1,English,44,6,2,1,7,2,2,1
,,,1,,English,70,99,2,1,6,3,2,1
,,,,1,English,24,1,2,6,2,1,2,2
,,,,1,English,42,9,2,1,7,1,2,3
,,,,1,English,36,3,2,3,4,1,2,1
1,,,,,English,50,2,2,1,4,4,2,2
,,,1,1,English,75,6,2,1,6,3,2,1
,,,,1,English,48,3,1,3,8,6,2,1
,,,,1,English,59,1,2,2,3,4,2,1
,1,,,,English,26,6,2,6,5,1,2,1
,,1,,,English,43,2,1,1,5,1,2,1
,,,,1,English,46,6,2,2,4,1,2,2
1,,,,,English,62,6,1,3,6,1,2,1
,,,,1,English,34,6,3,1,6,1,2,1
,,,1,,English,26,6,2,1,6,1,2,1
1,,,,,English,22,4,2,1,4,1,2,1
,,,,1,English,80,6,2,1,6,3,2,1
,,,,1,English,55,3,1,6,6,2,2,1
,,,,1,English,20,1,2,6,5,1,1,7
,,,1,,English,24,6,2,6,3,7,2,2
,,,,1,English,70,99,1,1,8,3,2,1
,,,1,1,English,80,4,1,3,7,3,2,1
,,,,1,English,18,7,2,6,5,4,1,1
,,,,1,English,19,4,1,6,3,1,2,1
,,,,1,English,59,9,3,1,6,1,2,2
,,,1,,English,29,8,2,1,6,1,2,1
1,,,,,English,23,98,2,6,3,1,2,1
,,,,1,English,28,98,1,6,3,1,2,1
,,,,1,English,52,5,2,1,6,1,2,2
,1,,,,English,60,7,2,1,4,1,2,1
,,,,1,English,36,5,1,1,6,1,2,1
,1,,,,English,44,1,1,5,3,4,2,1
,,,,1,English,71,99,1,1,5,3,2,1
,,,1,1,English,55,9,3,1,6,1,2,1
1,,,,,English,26,98,2,6,4,4,1,1
1,,,,,English,50,8,1,1,7,3,1,1
,,,,1,English,63,6,1,1,6,2,2,1
,,,,1,English,36,4,9,3,5,1,2,1
1,,,,,English,29,7,2,2,7,1,2,2
,1,,,1,English,56,8,1,3,6,3,2,1
,,,,1,English,75,4,2,1,3,3,1,1
,,,1,,English,84,2,1,5,6,3,2,1
,,,1,,English,53,2,3,1,2,4,1,7
,,,,1,English,27,3,3,6,6,4,2,1
,,,,1,English,65,9,2,1,6,2,2,1
,,,,1,English,60,7,2,1,4,1,2,1
,,,,1,English,59,5,2,3,5,8,2,1
,,,1,1,English,46,9,2,1,6,1,2,2
,,,,1,English,65,6,2,1,8,3,2,1
,,,,1,English,29,6,2,6,7,1,2,1
,,,,1,English,55,99,2,1,6,2,2,1
,,,,1,English,41,8,1,1,3,1,1,1
,,,,1,English,40,8,2,1,8,1,2,2
,,,1,,English,38,8,1,1,6,1,2,1
,1,,,,English,29,1,4,6,3,4,2,2
,,1,,,English,65,6,2,1,6,3,2,1
,,,,1,English,46,9,1,1,6,1,2,1
,,,,1,English,66,6,2,1,5,3,2,1
,,,,1,English,59,5,1,3,4,1,2,1
,,,1,1,English,20,5,1,6,3,1,2,1
,,,,1,English,47,8,1,6,7,1,2,1
,,,1,,English,68,6,2,1,5,3,2,2
,,,1,,English,19,5,1,6,3,2,2,1
,,,1,,English,54,9,2,1,7,2,2,1
1,,,,,English,44,2,2,6,3,2,2,3
,,,1,,English,41,99,2,1,3,1,2,2
1,,,,,English,36,1,1,6,3,6,2,1
,,,,1,English,74,8,2,1,8,3,2,1
,1,,1,,English,60,4,2,2,4,3,2,2
,,,,1,English,25,6,2,1,6,4,1,1
,,,1,,English,62,3,1,1,4,3,2,1
,,,,1,English,60,99,1,9,3,1,2,1
,,,1,,English,19,8,2,6,3,7,2,3
,,,1,,English,25,8,2,6,6,1,1,7
,,,,1,English,23,99,8,6,3,1,2,1
,,,,1,English,46,9,2,1,8,1,2,3
,,,1,,English,18,3,1,6,4,4,1,1
,,,,1,English,60,5,2,3,2,3,2,1
,,,,1,English,40,9,2,1,8,1,2,1
,,,1,,English,34,98,2,6,4,1,1,1
,,,,1,English,66,99,8,1,7,1,1,1
,,,,1,English,36,9,1,1,8,1,2,1
,,,1,,English,70,99,1,1,6,8,2,1
,,,1,,English,55,2,2,6,3,1,2,2
,,,,1,English,70,3,5,6,7,3,2,3
,,,,1,English,33,9,2,1,7,1,2,1
,,,1,1,English,21,9,2,6,3,4,2,1
,,,,1,English,74,3,9,1,3,3,2,1
,,1,,,English,37,6,2,1,3,1,2,1
,,,,1,English,64,7,3,1,6,3,2,1
,,,,1,English,87,8,1,5,8,3,2,1
,,,,1,English,29,3,1,3,6,1,2,1
1,,,,,English,68,9,2,1,6,3,2,1
,,,1,,English,56,8,1,1,6,5,2,1
,,,1,,English,20,1,2,6,4,2,2,1
,,,,1,English,19,3,1,6,3,4,1,7
,,,,1,English,75,2,2,3,3,3,2,2
,1,,,1,English,38,3,2,3,3,1,2,2
,,,,1,English,47,7,2,1,8,1,1,7
,,,,1,English,21,99,2,6,6,4,2,1
,,,,1,English,32,8,1,1,8,1,2,1
1,,,,,English,53,3,2,1,6,1,1,8
,,,1,,English,18,7,2,6,4,2,2,1
,,,,1,English,56,9,1,1,6,4,2,1
,,,1,,English,62,6,2,1,4,1,1,4
,,,,1,English,22,3,4,6,5,1,2,1
1,,,,,English,32,2,2,6,4,1,2,2
,,,,1,English,69,3,1,3,4,3,2,1
,1,,,1,English,68,6,1,1,5,1,2,2
,,,1,,English,37,6,2,1,4,1,2,1
,,1,,,English,30,1,2,6,3,1,2,2
,,,,1,English,74,98,2,5,3,4,2,3
,,,1,,English,58,6,1,1,3,4,2,1
,,,1,,English,70,6,1,1,6,2,2,1
,,,,1,English,63,3,3,3,8,3,2,1
,,,,1,English,60,3,1,3,6,1,2,1
,,,1,,English,79,3,1,5,6,3,2,1
1,,,,,English,48,9,2,1,7,1,2,1
,,,,1,English,45,7,1,1,5,1,2,1
,,,,1,English,89,99,2,5,8,5,2,1
,,,,1,English,73,6,1,1,4,3,2,1
,,,,1,English,54,8,1,1,3,1,2,1
,1,,,1,English,63,8,1,1,8,5,2,1
,,,1,1,English,67,7,1,1,5,3,2,1
,,,,1,English,46,1,2,3,5,2,2,3
,,,,1,English,62,7,1,1,6,1,2,1
,,,,1,English,62,9,2,1,7,3,2,1
,,,,1,English,32,7,2,1,6,1,2,1
,,,1,1,English,56,7,1,1,6,3,2,1
,,,,1,English,99,8,1,1,8,1,2,1
,,,1,,English,20,98,2,6,4,2,2,3
,,1,,,English,72,9,2,1,6,1,2,1
,,,,1,English,27,9,2,1,6,1,2,2
,,,1,,English,51,9,1,1,8,1,2,1
,,,,1,English,60,6,1,1,5,4,2,5
,,,,1,English,73,4,2,5,6,3,2,1
,,,,1,English,51,7,1,1,6,1,2,1
,,,,1,English,33,9,1,1,6,1,2,1
,,,,1,English,82,3,1,5,3,4,2,1
,,,1,1,English,54,9,1,1,6,1,2,1
,1,,1,,English,56,6,1,1,5,3,2,1
,,,1,,English,18,6,2,6,3,2,2,1
,,,1,,English,49,99,2,1,6,1,2,1
,,,,1,English,35,9,2,1,8,1,2,1
,1,,,,English,27,2,3,6,3,1,2,1
,,,1,,English,89,8,2,5,4,4,2,1
,,,,1,English,54,7,2,1,6,1,2,2
,,,,1,English,30,7,2,6,7,4,2,3
,,,,1,English,48,9,1,1,3,5,2,2
,,,,1,English,62,8,2,1,6,3,2,2
1,,,,,English,79,4,2,1,6,3,1,9
,,,1,,English,49,2,2,6,5,4,2,2
,,,,1,English,51,9,2,1,7,2,2,1
,,,1,1,English,46,99,1,1,6,1,2,1
,,,,1,English,40,9,2,1,6,2,2,1
,,,1,,English,21,5,2,6,3,1,2,2
,,,,1,English,47,9,1,1,6,4,2,1
,,,1,,English,68,98,2,1,3,4,2,1
,,,,1,English,35,5,2,6,5,1,2,2
,,,,1,English,57,7,1,1,4,1,2,1
,,,,1,English,70,3,2,3,5,2,2,2
,,,1,,English,70,4,1,1,7,1,1,1
,,,1,,English,62,1,2,6,2,3,2,2
1,,,,,English,66,98,1,1,5,3,2,1
,1,,1,,English,47,7,3,1,4,1,2,4
,1,,,,English,33,4,1,1,2,1,2,1
,,,1,,English,42,1,1,3,5,3,2,1
,,,,1,English,51,4,2,3,7,2,2,2
,,,1,,English,69,98,2,3,7,3,2,1
,,,,1,English,52,9,9,1,6,1,2,1
,,,,1,English,99,99,3,4,6,1,9,9
,,,,1,English,43,9,9,6,5,99,9,9
,,,,1,English,46,9,2,1,7,1,2,1
,,,1,1,English,59,8,1,1,7,3,2,1
,,,1,1,English,22,1,3,6,3,4,1,7
,1,,,,English,58,1,2,3,3,4,2,2
,,,,1,English,54,8,1,1,3,1,2,1
,,,,1,English,48,7,1,1,7,1,2,1
,,,1,,English,58,3,1,4,2,4,2,2
,,,1,1,English,47,9,2,1,8,1,2,1
,,,,1,English,63,98,2,6,4,3,1,1
1,,,,,English,26,6,2,2,3,2,2,1
,,,,1,English,64,7,2,1,6,1,2,1
,,,,1,English,23,3,2,2,4,1,2,1
,,,,1,English,62,5,2,6,6,1,2,1
,,,1,,English,68,7,3,1,8,3,2,1
,,,1,,English,60,4,2,3,7,2,2,1
,,,,1,English,77,7,2,1,4,3,2,1
,,,,1,English,36,7,2,2,3,1,2,1
,,,,1,English,99,6,2,8,7,5,1,7
,,,1,,English,43,1,2,4,4,4,1,2
,,,,1,English,41,8,2,1,3,2,2,2
,,,,1,English,72,9,1,1,7,3,2,1
,,,,1,English,28,9,2,1,7,1,2,1
,,,,1,English,41,6,1,9,7,1,1,7
,,,,1,English,99,2,9,1,3,2,2,1
,,,,1,English,54,1,2,2,3,2,2,2
,,,,1,English,56,9,1,1,7,1,2,1
,,,,1,English,99,99,9,1,4,2,2,1
,,,1,1,English,19,3,2,6,3,2,2,1
,,,,1,English,28,4,2,6,5,4,2,2
,,,,1,English,67,7,1,1,6,2,2,1
,,1,,,English,52,8,1,1,4,1,2,1
,,,,1,English,43,1,8,6,3,6,2,1
,,,,1,English,41,8,1,1,1,1,2,9
,,,,1,English,74,9,1,1,7,3,2,1
,,,,1,English,50,6,2,4,3,1,2,2
,,,1,1,English,37,6,2,1,6,4,2,2
,,,1,1,English,70,6,1,1,5,2,2,1
,,,1,,English,71,9,1,1,7,3,2,1
,,,1,,English,24,99,2,6,6,2,2,1
,,,,1,English,40,3,2,4,1,1,1,7
,,,,,English,89,99,9,3,6,3,9,9
,,,,1,English,70,7,1,1,7,3,2,1
,,,,1,English,67,6,2,1,7,2,2,1
,,,1,,English,57,4,2,3,7,1,2,2
,,,,1,English,63,8,1,1,5,1,2,1
,1,,,1,English,54,99,1,1,6,1,2,1
1,,,,,English,38,9,2,1,8,1,2,1
,,,1,1,English,68,8,2,1,8,2,2,1
,,,,1,English,60,6,1,1,6,1,2,1
,,,1,,English,70,4,2,2,6,3,2,1
1,,,,,English,77,99,3,5,3,3,2,1
,,,,1,English,32,1,1,1,4,4,2,1
,,,1,,English,53,4,1,1,6,1,2,1
,1,,,,English,53,8,1,1,3,1,2,1
,,,,1,English,51,2,1,6,4,4,2,1
,,,1,1,English,72,7,2,1,3,3,2,1
,,,1,1,English,69,99,2,1,7,1,2,2
,,,1,1,English,25,6,2,6,8,1,2,3
,1,,,,English,65,3,2,2,3,6,9,9
1,,,,,English,55,6,1,1,4,4,2,1
,1,,,,English,77,6,1,1,6,3,2,1
,,,,1,English,21,6,2,6,4,4,2,1
,,,1,,English,61,9,2,1,8,1,2,1
,,,,1,English,67,4,2,3,3,4,2,1
,,,,1,English,28,2,3,4,3,4,2,1
1,,,,,English,29,6,2,1,6,1,2,3
,1,,,,English,22,98,1,6,3,4,2,1
,,,,1,English,70,4,2,3,6,2,2,1
,,,,1,English,43,9,3,1,6,1,2,2
,,,,1,English,44,9,1,1,6,1,2,3
,,,1,,English,69,99,1,5,5,3,2,1
,,,,1,English,29,3,1,4,2,1,1,1
,,,,1,English,32,1,3,6,3,2,2,1
,,,1,1,English,35,9,1,1,6,1,2,1
,,,,1,English,45,7,2,1,7,5,2,1
,,,,1,English,77,99,1,2,3,3,2,1
,,,,1,English,62,5,4,1,3,3,2,1
,,,,1,English,75,7,1,1,3,1,2,9
,,,,1,English,99,98,4,9,3,2,2,1
1,,,,,English,50,2,2,3,5,3,1,1
,,,1,,English,30,3,1,5,5,1,2,1
,,,1,,English,60,5,1,1,4,6,2,1
,,,1,,English,18,98,1,1,4,2,1,7
,,,,1,English,60,8,2,1,3,2,2,1
,,,1,,English,25,1,3,6,3,6,2,1
,,,1,,English,54,5,2,3,3,1,2,2
,,,,1,English,56,8,2,1,1,1,2,5
,,,,1,English,36,8,1,1,6,2,2,1
,1,,,,English,57,5,1,2,3,1,2,1
,,,1,1,English,54,8,2,1,6,5,2,1
,1,,1,1,English,76,7,2,3,7,3,2,2
,,,,1,English,64,8,2,1,8,1,2,1
1,,,,,English,52,8,2,6,6,1,2,1
1,,,,,English,53,9,2,1,8,1,2,1
,,,1,,English,18,98,2,6,4,2,2,2
,,,,1,English,37,7,1,1,7,1,1,7
,,,,1,English,74,9,1,1,7,5,2,1
,,,,1,English,77,6,1,3,3,3,2,1
,,,,1,English,22,4,2,2,6,1,2,3
1,,,,,English,99,99,3,9,7,1,2,9
,,,,1,English,71,4,1,1,7,3,2,1
,,,1,,English,22,7,2,6,3,2,1,7
,,,,1,English,36,5,1,1,5,4,2,3
,,,,1,English,48,8,1,1,5,1,2,1
,,,,1,English,47,5,2,4,5,2,1,1
,,,,1,English,34,5,1,1,3,1,1,7
,,,,1,English,37,4,2,6,6,5,2,2
,,,1,,English,68,9,2,1,6,3,2,1
,,,,1,English,46,8,1,1,6,1,2,1
,,,,1,English,25,6,2,6,3,1,1,5
,,,1,,English,67,6,1,1,6,3,2,1
,,,,1,English,24,7,2,6,6,1,2,3
,,,1,,English,66,5,2,5,6,1,2,2
,,,1,1,English,60,9,3,1,6,1,2,1
,,,,1,English,60,1,2,1,1,1,1,7
,,,,1,English,68,7,2,1,8,3,2,1
,,,1,,English,56,3,2,6,4,2,2,1
1,,,,,English,73,98,2,1,2,3,2,1
,,,1,,English,31,99,2,6,6,2,2,1
,,,,1,English,28,8,3,2,7,1,2,1
,,,1,1,English,19,7,1,6,4,7,2,1
,,,1,,English,35,99,9,5,8,5,2,1
,,,1,,English,23,3,2,6,5,1,2,1
,,,1,1,English,74,7,2,1,4,3,2,1
1,,,,,English,21,7,2,6,4,4,2,1
1,,,,,English,93,3,1,5,3,3,2,1
,,,,1,English,46,3,2,3,4,2,1,1
,,,1,,English,37,3,3,2,3,4,2,1
,,1,1,,English,52,2,1,3,3,3,2,1
,,,,1,English,60,7,2,1,6,1,2,2
,,,,1,English,58,6,1,1,3,1,2,1
,,1,,,English,88,3,1,5,5,3,2,1
,,,,1,English,64,6,2,1,4,2,2,1
1,,,,,English,20,2,1,6,3,1,2,1
,,,,1,English,33,8,2,1,8,1,2,1
1,,,,,English,46,99,2,1,3,1,2,1
,,,,1,English,41,6,2,1,7,1,2,1
,,,,1,English,36,3,2,6,5,5,2,2
,,,,1,English,85,99,2,1,5,3,2,1
,,,,1,English,85,98,1,1,8,3,2,1
,,,,1,English,21,4,1,6,5,1,2,1
,,,,1,English,35,8,1,1,5,1,2,1
1,,,,,English,49,7,2,1,4,1,2,2
,,,1,1,English,74,7,1,1,8,1,1,1
1,,,,,English,63,99,2,8,6,3,2,1
,,,,1,English,29,2,9,2,3,1,2,1
,1,,1,1,English,45,7,1,3,6,1,2,4
,,,1,,English,86,5,2,5,8,3,1,9
,,,,1,English,52,9,1,1,6,1,2,1
,,,,1,English,20,6,1,6,3,2,2,1
,,,1,,English,39,9,1,1,8,1,2,1
,1,,,1,English,60,4,1,5,4,3,2,1
,,,1,,English,45,98,8,2,2,6,2,1
,,,,1,English,80,7,1,1,6,3,2,1
,,,,1,English,72,3,2,5,6,3,2,1
,,,,1,English,27,6,2,6,6,1,2,1
,,,,1,English,70,3,2,5,3,3,2,1
,1,,1,1,English,70,98,2,1,6,3,2,1
,,,,1,English,64,2,2,1,5,3,1,1
1,,,,,English,47,6,1,1,6,1,2,1
,,,,1,English,21,8,2,6,4,2,2,1
,,,,1,English,57,99,2,1,7,2,2,1
,,,,1,English,69,8,1,1,5,3,2,1
,,,1,,English,66,3,2,2,4,3,2,1
,,,1,,English,71,6,1,5,6,3,2,1
,,,,1,English,24,9,1,6,4,1,2,1
,,,,1,English,52,9,2,1,6,2,2,1
,,,1,,English,26,1,2,2,6,1,1,1
,,,1,,English,18,2,2,2,3,4,2,1
,,,1,1,English,64,7,2,3,6,2,2,1
,,1,1,,English,46,7,2,3,7,1,2,1
,,,1,,English,22,8,1,1,3,1,2,1
,,,1,,English,33,6,1,6,5,1,1,7
,,,1,,English,66,7,1,6,8,3,2,1
1,,,,,English,27,2,3,1,4,4,2,1
,,,1,,English,84,99,2,5,7,3,2,1
,,,,1,English,61,6,1,1,6,1,2,1
,,,1,1,English,67,8,2,1,8,2,2,1
,,,1,,English,79,4,2,1,4,3,2,1
,,,,1,English,58,6,1,1,5,2,2,1
,,,,1,English,68,4,2,1,5,3,2,2
,,,,1,English,33,8,2,1,6,1,2,3
,,,,1,English,43,8,1,1,6,1,2,1
,,,,1,English,38,2,1,1,4,1,1,1
,,,1,,English,58,7,2,1,5,4,1,7
,,,,1,English,84,99,1,5,4,3,2,1
1,,,,,English,68,2,4,1,6,3,2,1
,,,,1,English,26,5,1,2,3,2,1,2
,,,,1,English,29,3,1,5,3,2,2,1
,,,,1,English,70,2,1,3,3,3,2,1
,,,,1,English,19,1,2,6,3,2,1,7
,,,,1,English,55,8,2,1,6,5,2,1
,,,1,,English,55,7,3,3,4,1,2,1
,1,1,,1,English,23,6,1,6,6,5,2,3
,1,,,,English,43,8,1,1,6,2,2,1
,,,1,,English,30,4,2,6,5,1,1,7
,,,,1,English,22,7,1,2,6,7,2,1
,,,1,,English,60,9,2,1,3,1,2,9
,,,,1,English,29,7,2,1,8,1,2,1
,,,1,1,English,81,7,1,1,8,3,2,1
,,,,1,English,62,99,1,1,3,3,2,1
,,,,1,English,31,8,2,1,6,1,2,1
,,,,1,English,32,7,2,1,7,1,1,1
,,,,1,English,60,99,3,3,3,1,2,2
,,,1,,English,24,7,2,6,6,7,2,5
,,,,1,English,63,5,2,1,4,3,2,1
,,,,1,English,23,3,2,6,7,1,2,2
,,,,1,English,76,6,2,1,7,3,2,1
,,,,1,English,50,9,2,1,6,1,2,1
,,,,1,English,27,4,2,6,4,2,1,1
,1,,,1,English,68,3,3,5,3,3,2,1
,,,1,1,English,43,8,1,1,5,1,2,1
,,,1,,English,64,99,2,1,8,3,2,2
,,,,1,English,68,3,2,5,3,2,2,2
,,,1,,English,71,9,2,1,6,3,2,1
,,,,1,English,46,6,2,1,5,1,2,2
,,,1,,English,54,8,2,1,6,1,2,1
,,,1,1,English,57,8,2,1,7,1,2,2
1,,,,,English,57,7,1,2,6,3,2,1
,,,,1,English,62,6,2,1,6,1,2,1
1,,,,,English,51,9,1,1,7,1,2,1
,,1,,1,English,38,8,3,1,3,1,2,1
,1,,1,,English,40,1,2,6,4,4,2,1
,,,,1,English,70,99,2,6,6,3,2,1
,,,,1,English,61,7,1,1,7,1,2,1
,,,,1,English,72,7,2,2,7,4,2,1
,,,1,1,English,30,7,2,1,6,4,2,1
,,,1,,English,23,9,2,6,6,4,2,1
1,,,,,English,59,1,2,3,4,2,2,2
,,,1,,English,44,7,1,1,5,1,2,1
,,1,,,English,51,4,2,1,3,1,1,7
,,,1,1,English,29,6,2,6,6,1,1,1
,,,,1,English,69,99,1,9,6,1,2,1
,,,,1,English,30,3,2,6,3,4,2,2
,,,1,,English,31,3,2,6,8,2,2,1
,,,1,,English,44,1,2,6,4,4,2,2
,,,,1,English,25,7,2,6,6,1,1,1
,,,,1,English,42,99,1,1,6,1,2,1
,,,,1,English,90,4,1,5,5,3,2,1
1,,,,,English,19,7,1,6,4,2,2,1
,,,,1,English,61,9,2,1,8,1,2,1
,1,,1,1,English,27,7,2,6,8,1,2,1
,,,1,,English,61,9,1,1,7,1,2,1
,,,,1,English,56,6,1,1,3,1,2,1
,,,1,,English,26,2,1,2,3,1,2,8
1,,,,,English,27,5,2,6,6,1,2,2
,1,,,1,English,55,8,3,1,3,1,2,1
,,,,1,English,23,4,2,6,4,1,1,1
,,,,1,English,21,98,8,6,3,1,1,7
,,,1,1,English,26,5,1,1,6,1,2,1
,,,,1,English,39,2,2,3,3,1,2,1
,,,,1,English,44,8,1,1,1,1,2,5
,,,,1,English,70,2,1,3,5,3,1,1
,,,,1,English,36,2,2,4,4,4,2,1
,,,,1,English,47,5,2,3,6,1,2,2
,,,1,,English,70,4,2,3,4,3,2,2
,,,,1,English,59,8,2,1,8,1,2,1
,,,,1,English,18,1,2,6,3,4,2,2
,1,,,,English,83,2,3,5,2,3,2,1
,,,,,English,88,1,3,5,3,3,2,2
,1,,,,English,84,8,1,5,6,3,2,1
,,,,1,English,55,6,1,1,3,1,2,1
,,,1,,English,82,5,2,5,6,3,2,1
,1,,,,English,30,3,1,6,4,1,2,2
,,,1,,English,74,8,1,5,7,5,2,1
,,,,1,English,55,1,4,6,3,4,2,2
,,,,1,English,25,98,2,6,5,1,2,2
,,,1,,English,22,98,2,6,7,7,2,3
,,,1,,English,54,2,1,3,4,1,2,1
,,,,1,English,22,1,1,6,6,7,1,7
,,,,1,English,27,5,2,6,5,1,2,2
,,,1,,English,50,99,2,1,5,1,1,1
,,,1,1,English,31,98,4,6,3,4,2,1
,,,1,,English,69,9,2,1,6,3,2,1
,,,,1,English,57,7,1,1,5,1,2,1
,,,,1,English,62,9,1,1,4,1,2,1
,,,,1,English,42,4,2,2,4,1,1,7
,,,,1,English,40,4,8,6,3,1,2,1
,,,,1,English,54,99,1,1,6,3,2,2
,,,,1,English,60,9,1,1,8,1,2,1
1,,,,,English,75,9,3,1,3,5,2,1
,,,1,1,English,78,8,2,1,3,3,2,1
,,,,1,English,99,99,1,1,7,1,9,9
,,,,1,English,50,1,4,6,8,5,2,3
1,,,,,English,52,8,1,1,4,1,2,1
,,,,1,English,70,6,1,1,6,3,2,1
,,,,1,English,51,9,2,1,6,1,2,8
,1,,,1,English,59,9,2,1,6,1,2,1
,,,,1,English,45,1,2,6,6,2,2,1
,1,1,,,English,30,1,2,8,3,6,8,2
,1,,1,1,English,50,1,2,3,5,3,2,1
,,,,1,English,65,98,2,5,4,3,2,1
,,1,,1,English,41,8,2,1,6,6,2,1
,1,,,1,English,29,6,8,1,4,1,2,1
,,,,1,English,27,7,2,2,8,1,2,1
,,,,1,English,18,7,2,6,3,4,2,2
,,,,1,English,28,8,3,1,6,1,2,1
,1,,,,English,55,3,2,3,5,1,2,2
,,1,1,,English,72,9,2,1,8,5,2,1
,,,,1,English,65,6,1,1,4,3,2,9
,,,,1,English,29,99,2,6,6,1,2,2
,,,1,,English,29,1,1,6,6,1,2,1
,,,,1,English,23,4,2,6,6,7,2,1
,1,,,,English,69,7,1,1,4,3,2,1
,,,,1,English,64,3,2,3,6,3,2,1
,,,1,,English,62,3,1,1,4,6,2,1
,,,1,,English,68,6,2,3,7,2,2,1
,,,,1,English,51,5,2,1,3,1,1,7
,,,,1,English,70,7,2,1,8,5,2,1
,,,1,1,English,51,1,2,5,3,5,2,1
,,,,1,English,43,9,2,1,7,1,2,1
,,,,1,English,38,6,3,6,3,1,2,1
,,,1,1,English,32,9,1,6,6,1,2,1
,,,1,,English,39,3,1,2,6,2,2,8
,,,,1,English,42,8,2,1,6,2,2,3
,,,1,1,English,53,2,3,3,5,1,2,1
,,,1,,English,27,6,1,6,6,1,2,1
,,,,1,English,24,6,2,6,6,1,2,1
,1,,,,English,55,3,2,3,4,6,2,2
1,,,,,English,18,98,1,6,3,4,2,2
,,,,1,English,32,2,2,6,4,1,1,1
,,,,1,English,74,5,1,1,4,3,2,1
,,,1,1,English,59,6,2,1,5,1,2,1
,,,,1,English,50,5,1,1,8,1,2,2
,,,,1,English,67,7,1,3,6,3,2,1
,,,,1,English,59,5,1,1,4,3,2,1
,,,,1,English,55,9,2,1,3,1,1,7
,,,,1,English,38,7,2,6,6,4,2,1
,,,1,,English,41,9,1,1,6,1,2,1
,,,,1,English,36,8,1,1,6,1,2,1
,,,,1,English,36,8,1,1,8,1,2,1
,,,,1,English,51,3,1,3,3,1,2,1
,,,,1,English,43,99,2,9,4,1,2,2
,,,,1,English,66,8,2,1,8,3,2,1
1,,,,,English,56,7,1,1,4,8,2,1
1,,,,,English,52,3,3,1,3,1,2,1
,,,,1,English,88,98,2,1,3,3,2,1
,,,,1,English,43,8,2,1,7,1,2,1
,,,,1,English,64,6,2,5,6,3,2,1
,,,,1,English,30,3,2,6,6,1,2,1
,,,,1,English,38,8,2,1,7,1,2,1
,,,,1,English,71,9,1,1,6,3,2,1
,,,1,,English,56,2,2,3,3,3,2,2
,,,1,,English,34,9,2,1,6,1,2,3
,,,,1,English,30,4,2,6,6,1,2,1
,,,,1,English,51,7,1,1,6,1,2,1
,,1,,1,English,25,6,2,6,7,1,2,1
,,1,,,English,50,2,2,3,98,5,2,1
,,,,1,English,66,5,2,3,6,2,2,1
,,,1,,English,37,3,2,1,4,1,2,2
,,,,1,English,26,3,3,1,6,1,2,2
,,,1,,English,21,7,1,6,3,2,2,1
,1,,,1,English,66,8,2,5,8,3,2,1
,,,,1,English,73,3,1,5,3,6,2,1
,,,,1,English,20,98,4,6,3,4,1,7
,,,1,1,English,20,1,4,6,6,8,2,2
,,,,1,English,47,9,1,1,6,2,2,1
,1,,,,English,26,3,2,1,4,1,2,1
,,,,1,English,34,5,1,6,6,1,2,1
,,,,1,English,46,6,1,1,2,4,2,1
,,,,1,English,60,4,2,1,2,1,1,7
,,,,1,English,64,4,2,3,5,3,2,1
,,,,1,English,61,3,1,2,4,6,2,1
,,,,1,English,25,2,3,6,4,2,9,9
,,,1,,English,99,99,2,2,4,1,1,1
,,,,1,English,22,1,4,6,4,2,9,8
,,,1,,English,65,99,2,3,6,1,2,2
,,,1,,English,62,9,1,1,7,1,2,1
,,,,1,English,65,3,2,6,5,3,2,1
,,,,1,English,62,3,2,2,4,3,2,1
,,,,1,English,65,6,3,1,7,3,2,1
1,,,,,English,59,8,2,1,8,1,2,1
,,,,1,English,55,6,2,1,3,1,2,2
,,,1,1,English,35,2,2,3,4,1,2,1
,,,,,English,37,7,2,1,7,1,2,1
,,,,1,English,52,9,2,1,6,1,2,2
,,,1,1,English,56,8,2,4,8,1,9,9
,,,,1,English,71,5,2,5,6,3,2,1
,,,,1,English,71,8,1,1,6,3,2,1
,,1,,,English,50,5,3,5,6,1,2,1
,,,,1,English,66,9,1,1,4,3,2,1
,,,,1,English,69,2,2,6,8,3,2,1
,,,,1,English,38,9,3,1,7,1,2,1
,,,1,,English,74,2,2,5,2,3,2,2
,,1,,,English,60,1,2,3,5,6,2,1
,,,,1,English,46,4,1,6,4,1,2,1
,,,,1,English,30,7,2,1,6,1,2,1
,,,,1,English,24,5,1,1,6,2,2,1
,,,,1,English,51,1,1,6,3,5,2,1
,,,,1,English,47,3,2,2,2,4,1,1
,,,,1,English,36,5,2,6,5,1,2,1
,,,1,,English,18,4,1,6,3,1,2,1
,,,,1,English,50,99,3,1,6,1,2,9
1,,,,,English,69,8,2,1,7,1,2,1
,,,1,,English,18,4,2,6,3,2,2,1
,,1,,,English,32,6,2,6,7,1,2,1
,,,,1,English,27,7,4,6,2,1,2,1
,,,1,,English,70,3,1,3,5,3,2,1
,,,,1,English,37,7,2,6,6,1,2,1
,,,,1,English,66,3,2,1,1,3,1,7
,,,1,,English,46,7,1,1,5,1,2,1
,,,,1,English,55,6,2,1,8,2,2,1
,,,1,,English,49,6,1,2,3,2,2,1
,,,1,1,English,35,5,3,1,3,4,2,2
,,,,1,English,45,3,2,3,6,1,2,1
,,,,1,English,75,99,1,5,3,3,2,1
,,,1,,English,19,98,4,2,4,2,2,2
1,,,,,English,54,5,2,6,2,3,1,7
,,,,1,English,22,1,2,6,3,2,2,1
,1,,,,English,23,9,2,2,3,3,2,2
1,,,,,English,58,3,2,1,3,1,2,2
,,,1,,English,48,9,1,1,6,3,2,1
,,,,1,English,52,5,3,1,6,1,2,1
,,,,1,English,32,99,2,2,6,1,2,1
,,,1,,English,99,99,9,9,99,99,9,9
,,,1,,English,66,6,1,1,3,1,2,1
,,,1,,English,34,8,2,1,3,1,1,1
,1,,,,English,65,99,2,5,4,3,2,1
,,,,1,English,67,99,1,3,99,3,2,1
1,,,,,English,71,9,1,1,8,3,2,1
,,,,1,English,67,9,2,4,4,1,1,7
,1,,,1,English,40,3,2,6,7,4,2,2
,,1,,,English,26,5,2,6,6,1,1,7
,,,1,1,English,57,8,2,1,6,1,2,1
,,,,1,English,63,9,2,1,6,1,2,1
,1,1,1,1,English,28,5,2,6,7,1,2,1
,,,,1,English,60,8,1,1,6,1,2,1
,,,,1,English,57,8,2,1,3,1,2,1
,,,,1,English,40,8,2,1,8,1,2,1
,,,,1,English,71,98,1,5,3,3,2,1
,,,,1,English,25,4,2,1,6,1,2,1
,,,,1,English,31,9,2,6,6,1,2,2
,,1,,1,English,29,6,2,6,8,1,2,1
,,,1,,English,31,99,2,1,6,1,2,1
,,,,1,English,55,4,2,1,7,3,2,2
,,,,1,English,81,6,2,1,6,3,2,1
,,,,1,English,35,4,2,3,5,1,2,1
1,,,,,English,66,3,2,1,3,3,2,1
,,,1,,English,67,99,1,1,3,3,2,1
,,,,1,English,66,7,2,1,5,3,2,1
,,,,1,English,55,6,2,6,7,1,2,2
1,,,,,English,40,8,2,1,6,1,2,1
,,,,1,English,73,99,2,5,3,2,2,2
,,,1,,English,39,8,3,1,7,1,2,1
,1,,1,,English,44,2,2,2,3,2,2,1
,1,,,,English,67,4,1,3,3,5,2,1
,,,,1,English,71,3,2,6,4,3,2,1
,,,,1,English,47,8,2,6,6,1,2,2
,,,,1,English,21,3,2,6,5,2,2,1
,,,,1,English,47,9,2,3,7,1,2,1
,,,1,,English,78,2,2,3,6,3,2,1
1,,,,,English,99,99,2,9,5,99,9,9
,,,,1,English,63,2,1,3,3,3,2,2
,,,,1,English,36,8,2,3,6,1,2,1
,1,,,1,English,54,3,2,1,3,4,2,2
,,,,1,English,49,7,2,1,8,1,2,1
,,,,1,English,82,6,1,2,6,5,2,1
,,,,1,English,67,9,2,1,7,1,2,1
,,,1,,English,34,7,2,1,4,1,2,1
1,,,,,English,58,6,2,3,7,3,2,2
,,,1,,English,50,1,2,6,1,4,2,1
,,,1,1,English,48,7,1,1,4,2,2,1
,,,,1,English,55,9,2,1,8,4,2,1
,,,1,,English,63,8,2,1,6,2,2,2
,,1,1,,English,50,6,2,2,6,1,2,2
,,1,,1,English,49,3,1,5,3,1,2,2
,,,1,,English,41,8,3,1,4,1,2,1
,,,1,1,English,57,8,1,1,6,4,2,1
,,,,1,English,58,6,1,1,4,1,2,1
,,,,1,English,65,2,1,1,7,3,2,1
,,,,1,English,29,3,1,1,8,1,2,1
,,,1,1,English,51,9,1,1,6,2,2,1
1,,,,,English,80,8,4,5,7,3,2,9
,,,,1,English,50,99,9,3,4,1,2,3
,1,,,,English,83,99,2,5,8,3,2,1
,,,,1,English,54,9,2,1,6,1,2,1
,,,,1,English,22,9,1,6,4,7,1,1
,,,,1,English,27,3,2,6,6,1,1,7
,,,1,,English,63,7,3,1,6,3,2,1
,,,,1,English,41,5,2,1,6,2,2,1
,,,,1,English,58,99,1,1,5,1,2,1
,,,,1,English,29,3,2,1,5,1,1,1
,,,,1,English,24,6,2,6,6,1,2,3
,,,,1,English,29,6,4,6,4,1,2,1
1,,,,,English,59,1,2,1,2,6,1,1
,,,,1,English,61,2,1,4,5,6,2,1
,,,,1,English,39,8,1,1,5,1,2,1
1,,,,,English,32,2,1,1,3,1,2,1
,1,,,,English,63,7,3,1,5,3,2,1
,,,,1,English,66,2,2,1,4,3,1,1
,,,,1,English,43,8,4,3,3,1,2,1
,,,,1,English,30,99,9,9,99,99,9,9
,,,1,,English,53,9,2,1,7,5,2,1
,,,,1,English,66,9,1,1,7,3,2,1
1,,,,,English,63,6,1,1,6,5,2,1
,,,,1,English,74,4,1,2,6,3,2,1
,,,,1,English,70,6,2,3,6,3,2,1
,,,1,,English,37,3,3,4,1,2,1,3
,,,,1,English,49,9,1,1,5,1,2,1
1,,,,,English,84,99,4,5,4,3,2,2
,,,,1,English,45,8,1,1,5,5,2,2
,,,,1,English,31,7,2,2,7,1,2,1
1,,,,,English,18,8,1,6,2,2,2,1
,,,,1,English,62,3,2,5,3,1,2,2
,,,1,1,English,63,7,2,1,7,1,2,1
1,,,,,English,52,9,1,3,6,5,2,1
,,,1,,English,29,3,2,6,4,4,2,2
,,,,1,English,56,8,2,1,8,1,2,1
1,,,,,English,80,7,2,1,6,3,2,1
,1,,,1,English,42,4,1,6,7,7,1,1
,,,,1,English,27,7,1,2,5,1,2,1
,,1,,,English,76,6,1,1,4,3,2,1
1,,,,,English,75,3,4,3,2,1,2,5
,,,,1,English,21,7,1,6,4,1,2,1
,,,1,,English,60,4,1,1,5,3,2,1
,,,1,1,English,74,8,2,1,7,2,2,1
,,,1,,English,29,2,2,6,5,2,1,7
,,,1,,English,30,1,2,1,6,5,2,1
,,,,1,English,40,4,2,6,3,1,1,1
,,,1,,English,53,9,2,1,8,2,2,1
,,,1,,English,50,4,1,1,2,1,1,1
,,,1,,English,61,99,2,1,6,1,2,1
,,1,,1,English,35,3,2,1,4,2,2,1
,,,,1,English,42,99,1,1,6,1,1,1
,,1,1,,English,32,9,2,1,6,1,2,1
,,,,1,English,34,7,2,1,8,1,2,1
,,,,1,English,21,98,4,6,3,4,2,2
,,,1,,English,30,98,8,6,4,4,1,7
,,,,1,English,34,99,2,1,6,1,2,1
,,,1,1,English,28,8,3,6,7,1,2,3
1,,,,,English,23,98,2,6,5,2,2,2
,,,,1,English,75,8,1,1,2,3,2,1
,,,,1,English,52,7,2,1,4,1,2,1
,,,,1,English,36,8,1,1,8,1,2,1
,,,1,,English,69,9,3,1,7,1,2,1
,,,,1,English,80,6,1,1,6,3,2,1
,,,,1,English,19,99,9,6,4,1,2,2
,,,1,,English,33,1,2,6,4,4,2,1
1,,,,,English,67,9,2,1,6,2,2,1
,,,,1,English,69,99,9,1,5,3,2,1
,1,,,,English,34,2,2,6,4,2,2,1
,,,,1,English,67,9,1,1,7,1,9,9
,,,,1,English,33,9,2,1,6,1,2,1
,,,1,,English,64,5,3,5,4,1,2,1
,,,,1,English,60,9,1,1,5,1,2,2
,,,,1,English,64,2,2,6,4,3,2,2
1,,,,,English,51,9,2,1,6,1,2,1
,,,1,,English,37,4,2,2,6,1,2,3
,,,,1,English,51,9,2,1,8,2,2,1
,,,,1,English,36,1,1,4,3,6,2,1
,1,,,,English,73,5,2,1,5,3,2,1
,,,1,,English,27,6,2,1,4,1,2,1
,1,,,1,English,31,2,1,1,4,1,1,7
,,,,1,English,61,7,2,1,7,3,1,7
,,,,1,English,40,6,2,6,8,1,2,2
,,,,1,English,67,7,2,1,3,3,2,1
,,,,1,English,70,8,1,5,8,3,2,1
,,,,1,English,80,9,1,1,8,3,2,1
,,,1,,English,68,4,1,1,8,3,2,1
,,,1,,English,52,7,1,6,4,1,1,7
,,,1,,English,66,99,2,1,6,3,2,1
,,,1,1,English,45,7,2,6,8,1,2,2
,,,1,,English,46,9,1,1,8,1,2,3
,,,1,,English,19,7,2,6,3,4,2,1
,,,,1,English,36,99,2,1,6,1,2,3
,,,,1,English,67,9,1,1,8,3,2,1
,,1,,1,English,28,6,2,2,7,4,2,1
1,,,,,English,20,6,2,6,2,4,2,2
,,,,1,English,27,6,2,2,6,1,2,2
,,,1,1,English,34,2,3,1,6,2,2,9
,,,,1,English,19,98,1,6,4,2,2,1
,,,,1,English,45,9,2,1,6,1,2,1
,,,,1,English,23,2,2,6,3,1,1,2
,,,,1,English,30,1,1,6,2,4,2,2
,,,,1,English,66,6,1,1,4,3,2,1