Other,Tool,Economic,Connection,Info,Language,age,inc,party_lean,marital,educ2,emplnw,hisp,racem1,cregion,state,sex,Info,Knowledge,News,Education,Access,Find,Research,Share,Up to Date,Learn,Quantity,Speed,Ease,Quality,Freely,Other
,,,1,1,2,62,2,4,1,3,3,1,1,3,12,2,,,,,,1,,,,,,,,,,
,,,,1,2,58,98,4,2,2,1,1,7,1,42,2,,,1,,,,,,,,,,,1,,1
,1,,,,2,40,3,2,1,3,1,1,1,1,42,1,,,,,,,,,,,,,,,,
,,1,,,2,38,4,2,1,7,4,1,7,4,53,2,,,,,,,,,,,,,,,,
,,,,1,2,40,99,9,1,1,4,1,7,4,41,2,,,,,,1,,,,,,,1,,,
,,1,1,,2,68,2,4,4,1,1,1,7,3,48,2,,,,,,,,,,,,,,,,
1,,,,,2,72,2,4,3,3,3,1,7,4,6,2,,,,,,,,,,,,,,,,
,,,1,,2,47,5,3,4,4,1,1,1,1,34,1,,,,,,,,,,,,,,,,
,,,1,,2,23,98,2,6,5,2,1,1,3,48,1,,,,,,,,,,,,,,,,
,,,,1,2,62,4,2,1,3,1,1,7,3,48,1,,1,,,,,,,,,,1,,,,
,,,,1,2,51,99,2,5,7,1,1,1,3,12,1,,,,,,1,,,,,,,,,,
,,,,1,2,30,2,2,4,6,2,1,1,3,12,2,,,,,,,,,,1,1,,,,,
,,,1,,2,42,5,3,1,3,4,1,1,3,21,2,,,,,,,,,,,,,,,,
,,,,1,2,30,6,8,1,1,1,1,1,4,41,1,,,,1,,,,,,,,,,,,
,,,,1,2,32,3,2,1,3,4,1,1,2,17,2,,,,,,1,,,,,,1,,,,
1,,,,,2,77,1,1,5,3,3,1,1,3,48,2,,,,,,,,,,,,,,,,
,1,,1,1,2,27,98,1,6,2,1,1,7,1,42,1,,,1,,,,,,,1,,,,,,
,,,,1,2,36,1,4,2,6,1,1,7,3,12,1,,,,,,,,,,1,,,,,,
,,,1,,2,37,1,3,1,2,4,1,7,4,4,2,,,,,,,,,,,,,,,,
,,1,,,2,37,1,2,1,3,1,1,1,4,35,1,,,,,,,,,,,,,,,,
,,,1,,2,56,99,2,1,1,4,1,1,4,6,2,,,,,,,,,,,,,,,,
,,1,,1,2,34,3,2,6,3,1,1,7,4,6,1,1,,,,,,,,,,,,,,,
,,1,,,2,50,1,1,1,5,1,1,8,4,6,2,,,,,,,,,,,,,,,,
,,,,,2,74,1,4,4,6,3,1,2,4,6,1,,,,,,,,,,,,,,,,
1,,,,,2,18,1,3,6,3,2,1,8,3,13,1,,,,,,,,,,,,,,,,
1,,,,,2,55,1,3,2,98,2,1,1,2,17,2,,,,,,,,,,,,,,,,
,,,,1,2,39,3,2,6,3,1,1,1,4,6,1,,,,,,1,,,,,,,,,,
,,,1,1,2,88,98,4,1,6,4,1,1,3,12,2,1,,,,,,,,1,,,,,,,1
,,,,1,2,24,98,2,6,1,4,1,7,1,9,2,1,,,,,,,,,,,,,,,
,,,,1,2,43,5,2,1,3,1,1,7,3,48,1,,,,,,,,,1,,,,,,,1
,,,,1,2,68,99,2,1,8,1,1,7,3,12,1,,1,,,,,,,,,,,,,,
,,,1,,2,71,1,4,1,98,4,1,1,3,12,2,,,,,,,,,,,,,,,,
1,,,,,2,33,1,2,1,1,1,1,8,4,53,2,,,,,,,,,,,,,,,,
,,,,1,2,35,3,2,6,6,8,1,7,3,12,2,,,,,,,,,,1,,,,,,
,,,,1,2,34,2,2,4,2,1,1,7,3,48,1,,,,,,1,,,1,,,,,,,1
,,,1,,2,38,2,3,1,1,2,1,1,3,1,1,,,,,,,,,,,,,,,,
,,,1,1,2,54,1,2,1,1,1,1,1,4,6,1,,,,,,,,,1,,,,,,,1
,,,1,,2,19,3,2,6,3,1,1,1,3,51,1,,,,,,,,,,,,,,,,
,,,,,2,24,1,2,3,6,4,1,1,1,34,2,,,,,,,,,,,,,,,,
,,,1,,2,57,4,2,1,1,1,1,9,2,46,2,,,,,,,,,,,,,,,,
,,,1,,2,38,5,2,1,3,1,1,7,4,6,1,,,,,,,,,,,,,,,,
,,,,1,2,29,3,1,2,2,4,1,7,3,22,2,1,,,,1,,,,,,1,,,,,
,1,,,,2,31,5,3,1,7,1,1,7,2,39,1,,,,,,,,,,,,,,,,
,,,,1,2,55,5,1,1,3,1,1,7,3,13,1,1,,,,1,,,,,,,,1,,,
,,,,1,2,41,99,2,4,3,1,1,7,3,11,2,,,,1,1,,,,,,,,,,,
,1,,,,2,75,98,2,1,1,3,1,1,2,17,1,,,,,,,,,,,,,,,,
,,,,1,2,65,1,4,3,1,1,1,7,4,6,2,,,,,,1,,,,,,,,,,
,1,1,,1,2,46,3,2,1,3,1,1,7,4,4,1,,,,1,,,,,,,,,,,,
,,1,,,2,50,2,2,4,4,2,1,7,4,6,1,,,,,,,,,,,,,,,,
,1,,,1,2,50,2,9,1,2,2,1,7,4,6,2,,,,,,1,,,,,,,,,,
1,,,,,2,51,8,3,3,7,1,1,1,3,48,1,,,,,,,,,,,,,,,,
,,,,1,2,26,2,2,1,4,4,1,1,3,48,2,,,,,,,,,1,,,,,,,1
,,1,1,1,2,55,1,1,4,1,2,1,7,3,12,2,1,,,,1,,,,,,,,,,,
,,,,1,2,44,1,2,4,6,4,1,1,1,36,2,1,,,1,,1,,,,,,,,,,
,,,,1,2,58,99,2,3,6,3,1,1,3,12,1,,,,1,,,,,1,,,,,,,1
1,,,,,2,27,2,3,4,1,1,1,7,3,12,2,,,,,,,,,,,,,,,,
,,,1,,2,50,2,2,1,1,1,1,8,3,24,1,,,,,,,,,,,,,,,,
,,,1,,2,43,1,1,1,2,1,1,1,3,48,2,,,,,,,,,,,,,,,,
1,,,,,2,45,3,2,4,1,1,1,7,4,6,1,,,,,,,,,,,,,,,,
,,,,1,2,50,6,3,4,6,1,1,1,3,12,1,,,,,,,,,1,,,,,,,1
,,,,1,2,40,3,2,1,3,2,1,7,4,6,2,,,,,,1,,,,,,,,,,
1,,,,,2,32,3,3,1,3,1,1,3,2,17,1,,,,,,,,,,,,,,,,
,,,1,1,2,33,6,4,1,3,1,1,1,1,36,1,1,,,,,,,,,,,,,,,
,,,1,,2,34,5,2,1,3,1,1,5,4,6,1,,,,,,,,,,,,,,,,
,,,1,,2,45,98,2,1,8,2,1,1,3,12,1,,,,,,,,,,,,,,,,
,1,,,,2,66,3,1,1,4,3,1,1,3,12,2,,,,,,,,,,,,,,,,
,,,,1,2,43,6,2,1,3,4,1,1,4,6,2,1,,,,,,,,,,,,,1,,
,,,1,,2,25,4,2,6,6,1,1,1,4,6,2,,,,,,,,,,,,,,,,
,,1,,,2,30,2,2,1,1,2,1,1,1,34,1,,,,,,,,,,,,,,,,
,1,,1,,2,54,2,2,1,2,6,1,1,4,6,2,,,,,,,,,,,,,,,,
,,,,1,2,68,1,1,6,7,3,1,7,4,6,1,,,,1,,,,,,,,,,,,1
,,,1,,2,27,3,1,1,3,2,1,1,3,48,2,,,,,,,,,,,,,,,,
1,,,,,2,57,2,4,1,1,1,1,7,4,4,1,,,,,,,,,,,,,,,,
,1,,,1,2,40,4,3,1,3,1,1,1,3,21,1,,,1,,,,,,,,,,,,,
,,1,,,2,38,99,2,1,3,1,1,7,4,6,1,,,,,,,,,,,,,,,,
1,,,,,2,34,4,2,1,4,4,1,1,3,48,2,,,,,,,,,,,,,,,,
,,,1,,2,52,98,8,1,1,2,1,8,3,13,2,,,,,,,,,,,,,,,,
,,,,1,2,26,2,2,1,3,4,1,1,3,48,2,1,,1,,1,,,,,,,,,,,
,,,1,,2,63,98,3,4,2,2,1,1,3,48,2,,,,,,,,,,,,,,,,
,,1,,,2,31,9,9,2,4,1,1,7,3,48,1,,,,,,,,,,,,,,,,
,1,,1,,2,30,4,3,1,3,1,1,7,4,6,2,,,,,,,,,,,,,,,,
,,,1,,2,40,1,3,1,1,4,1,1,4,6,2,,,,,,,,,,,,,,,,
,,,,1,2,50,2,2,5,2,4,1,7,3,13,2,,,,1,,,,,,1,,,,,,
,,,1,1,2,36,1,1,4,2,4,1,1,4,6,2,1,,,,,1,,,,,,,,,,
,1,,1,,2,41,2,3,1,3,8,1,7,3,47,1,,,,,,,,,,,,,,,,
,,,,1,1,28,3,3,6,4,4,2,1,4,8,1,1,,,,1,,,,,,,1,,,,
,,,1,,1,20,6,2,6,4,2,2,1,3,45,1,,,,,,,,,,,,,,,,
,,,,1,1,62,2,1,3,5,1,2,1,3,37,2,1,,,,1,,,,,,,,1,,,
,,,1,,1,67,2,1,1,8,3,2,3,4,6,1,,,,,,,,,,,,,,,,
,,,1,,1,46,6,2,2,6,1,2,2,3,37,2,,,,,,,,,,,,,,,,
,,,1,,1,84,99,9,9,99,99,9,9,1,42,2,,,,,,,,,,,,,,,,
,,,,1,1,67,8,1,1,7,3,2,1,2,26,1,1,,,,1,,,,,,,,,,,
1,1,,,,1,97,9,2,1,7,1,2,1,4,53,1,,,,,,,,,,,,,,,,
1,,,,,1,77,6,2,1,3,3,2,2,1,36,1,,,,,,,,,,,,,,,,
1,,,,,1,50,99,1,9,7,1,2,1,3,37,2,,,,,,,,,,,,,,,,
,,,,1,1,59,8,1,1,3,3,2,1,1,36,1,,,,,,,1,,,,,,,,,
,,,,1,1,33,6,2,1,7,1,2,1,4,30,2,1,,,,1,,,,,,,,,,,1
1,,,,,1,51,9,2,1,6,4,2,1,3,48,2,,,,,,,,,,,,,,,,
,,,1,,1,49,2,2,2,3,6,2,2,1,36,1,,,,,,,,,,,,,,,,
,,,,1,1,24,1,2,6,5,1,2,1,4,6,1,,,,,,1,,,,,,1,1,,,
,,1,,,1,60,9,1,1,4,1,2,1,4,53,1,,,,,,,,,,,,,,,,
,,,,1,1,39,5,2,2,5,1,2,1,3,47,1,1,,,,1,,,,,,,,,,,
,,,1,1,1,24,99,2,6,6,4,2,1,1,36,1,1,,,1,,,,,,,,,,,,
1,,,,,1,36,7,2,1,6,1,2,1,3,48,1,,,,,,,,,,,,,,,,
,,,,1,1,58,8,2,1,6,1,2,1,3,51,1,1,,,,,,,,,,,,,,,
,,,,1,1,61,99,9,1,5,1,2,1,2,38,1,1,,,,,,,,,,,,,,,
,,,,1,1,28,4,2,6,4,1,2,1,3,48,2,,1,,,1,,,1,,,,,,,,
,,,,1,1,65,4,3,1,5,3,2,1,2,29,2,1,,,,1,,,,,,,,,,,
,,,1,1,1,65,7,2,1,6,1,2,1,3,12,2,1,,,,,,,,,,,1,,,,
,,,,1,1,46,8,2,1,6,1,2,1,4,41,1,1,,,,1,,,,,,,,,,,
,,,1,,1,23,2,3,6,3,1,2,2,2,46,1,,,,,,,,,,,,,,,,
,,,1,,1,62,5,2,3,6,1,2,1,3,13,1,,,,,,,,,,,,,,,,
,,,1,,1,27,4,2,6,6,1,2,1,2,27,2,,,,,,,,,,,,,,,,
,,,,1,1,75,99,2,1,7,2,2,1,4,53,1,1,,,,1,,,,,,,,,,,
,,,1,1,1,42,9,2,1,8,1,2,1,4,2,2,,,,1,,,,,,,1,,,,,1
,,,1,,1,53,9,1,1,6,1,2,2,3,12,1,,,,,,,,,,,,,,,,
,,,,1,1,24,3,1,1,2,1,2,1,2,29,1,1,,,,,,,,,,,,,,,
,,,,1,1,37,8,1,1,8,1,2,1,3,13,1,,,1,1,,,,,,,,,,,,
1,,,,,1,27,4,2,5,5,1,1,2,3,12,2,,,,,,,,,,,,,,,,
,1,,,1,1,25,3,3,6,3,1,2,1,2,31,1,,,1,,,1,,,1,,,,,,,1
,,,,1,1,21,7,2,6,6,7,2,1,1,42,2,,,,1,,,,,,,,,,,,
,,,,1,1,36,2,2,6,7,1,2,2,3,24,2,1,,,,1,,,,1,,,,,,,
,,,,1,1,46,6,1,2,3,4,2,1,3,12,1,1,,,,,,,,,,,,1,,,
,,,,1,1,51,3,3,3,3,1,2,2,3,11,1,1,,,,,,,,,,,,,,,1
,,,,1,1,42,8,2,1,6,1,2,2,3,45,1,1,,,,1,,,,,,,1,,,,
,,,1,,1,19,8,3,6,3,1,2,2,1,25,1,,,,,,,,,,,,,,,,
,1,,,1,1,61,3,2,1,4,6,2,1,3,48,2,1,,,,1,,,,,,,,,,,
,1,,1,1,1,63,99,3,6,7,1,8,9,4,6,1,,,,1,,1,,,,,,,,,,
,,,1,1,1,65,99,2,2,6,3,2,1,3,51,1,1,,,,1,,,,,,,,,,,
,,,,1,1,51,6,1,1,3,1,2,9,3,37,1,,,,,,,1,,,,,1,,,,1
1,,,,,1,18,8,2,6,3,2,2,1,3,37,2,,,,,,,,,,,,,,,,
,,,1,,1,20,9,1,6,4,1,1,1,2,19,1,,,,,,,,,,,,,,,,
,,,1,1,1,36,9,2,1,6,1,2,3,3,47,1,,1,,,,,,1,,,,,,,,
,,,,1,1,44,9,2,1,6,1,2,1,1,25,2,1,,,,1,,,,,,,,,,,
,,,,1,1,65,8,2,5,6,3,2,1,3,40,1,1,,,,1,,,,,,,,,,,1
,,,,1,1,54,99,2,6,7,2,2,3,1,42,2,1,,,,1,,,,,,,,,,,1
,,,,1,1,46,5,1,2,4,1,2,1,3,48,1,1,,,,,,,1,,,,1,,,,
,,1,1,,1,46,7,2,3,6,1,2,2,3,48,2,,,,,,,,,,,,,,,,
,,,1,,1,46,4,2,6,2,1,2,2,3,28,1,,,,,,,,,,,,,,,,
,,,,1,1,55,1,4,2,2,2,2,1,4,6,1,1,,,,,,,,,,1,,1,,,
,,,,1,1,45,6,2,1,5,1,2,1,1,42,1,,,,,,,,,,1,,,,,,
1,,,,,1,90,9,2,5,7,3,2,1,4,6,1,,,,,,,,,,,,,,,,
,,,,1,1,55,1,1,1,6,5,2,1,2,18,1,1,,,,,,,1,,,,,,,1,
,,,1,1,1,30,9,2,1,6,1,2,1,3,37,2,1,,,1,1,,,1,,,,,,,,1
,,,,1,1,30,99,1,1,6,1,2,1,4,2,1,,,1,,,,,,,,,,,,,
,,,1,,1,66,8,9,1,6,1,2,1,2,27,1,,,,,,,,,,,,,,,,
,,,,1,1,43,7,2,1,6,1,2,1,2,29,1,1,,,,1,,,,,,1,,,,,1
,,,1,,1,30,5,1,1,8,1,2,1,2,29,2,,,,,,,,,,,,,,,,
,,1,1,,1,24,99,9,6,3,4,2,2,2,26,1,,,,,,,,,,,,,,,,
,,,,1,1,68,7,2,1,7,3,2,1,4,8,2,,1,,,,,,1,,,,,,,,
1,,,,,1,60,99,2,1,6,1,2,1,4,8,2,,,,,,,,,,,,,,,,
,,1,,,1,64,6,1,6,8,1,2,1,2,17,1,,,,,,,,,,,,,,,,
,,,,1,1,50,99,2,1,4,4,2,1,3,28,2,,1,,,1,,,,,,,1,1,,,
,1,,,,1,48,3,2,1,5,5,2,1,1,50,2,,,,,,,,,,,,,,,,
,,,,1,1,38,7,3,1,8,1,2,3,3,37,2,1,,,,1,,,,,,,,,,1,
,1,1,,,1,23,3,1,2,6,1,2,1,2,29,1,,,,,,,,,,,,,,,,
,1,,,1,1,21,1,2,6,4,2,2,1,2,55,2,1,1,,,,,,,,,,,,,,
,,1,,1,1,99,8,2,1,6,1,2,1,4,8,1,1,1,,,,,,1,,,,,,,,
1,,,,,1,21,9,2,6,4,2,1,1,4,35,2,,,,,,,,,,,,,,,,
1,,,,,1,40,1,4,1,4,99,2,1,4,6,1,,,,,,,,,,,,,,,,
1,,,,,1,84,5,1,5,5,3,2,5,1,36,2,,,,,,,,,,,,,,,,
,,,,1,1,23,7,2,1,3,1,2,1,4,15,2,,,,,,1,,,,,,,1,,,
,,,,1,1,40,8,1,1,6,1,2,1,1,42,1,1,,,,1,,,,,,,,,,,
,,,,1,1,56,9,1,1,6,1,2,1,3,48,1,1,,,,,1,,,,,,,1,,,1
,,,1,,1,66,7,3,1,8,1,2,1,3,37,2,,,,,,,,,,,,,,,,
,1,,,,1,55,99,9,4,3,1,2,2,3,47,1,,,,,,,,,,,,,,,,
,,1,,1,1,28,98,1,6,7,7,2,2,4,8,1,1,,,,,,,,,,1,,,,,
,,,,1,1,21,2,2,6,5,4,2,1,3,12,1,,1,,,1,,,,,,,,,,,
,,,,1,1,65,99,3,1,8,1,9,9,1,36,1,,,,,,,,,,1,,,,,,
,,,,1,1,66,99,2,9,8,3,2,1,2,17,2,1,,,,,,,,,,,,,,,
1,,,,,1,23,5,2,6,5,1,1,1,3,12,1,,,,,,,,,,,,,,,,
,,1,1,1,1,29,7,2,6,6,4,2,1,4,53,1,,1,,,,,,1,,,,,,,,1
,,,,1,1,59,5,2,1,8,5,1,1,2,20,1,1,,,1,,,,,,,,,,,,
,,,,1,1,57,8,1,1,7,1,2,1,3,40,1,1,,,,1,,,,,,1,,,,,
,,,1,1,1,68,99,2,3,6,3,2,2,3,13,2,,,1,,,,,,,,,1,,,,
,,,1,,1,99,4,1,5,5,5,2,1,1,34,2,,,,,,,,,,,,,,,,
,,,,1,1,67,7,1,1,7,3,2,1,3,47,1,1,,,,1,,,,,,,,,,,1
,,,,1,1,67,8,1,1,6,1,2,1,2,39,1,1,,,,,1,,,,,,1,,,,
,,,1,,1,60,2,1,6,6,2,2,2,4,6,1,,,,,,,,,,,,,,,,
,,,,1,1,47,2,4,1,7,1,1,7,1,36,1,1,,,,,,,,,,,1,,,,
,,,,1,1,65,8,1,3,3,1,2,1,3,40,1,1,,,,,,,,,,1,,,,,
,,,1,,1,27,98,2,6,5,2,1,7,3,11,2,,,,,,,,,,,,,,,,
,,,,1,1,38,6,1,3,8,1,2,1,3,21,2,,,,1,,,,,,,,,,,,
,,1,,,1,28,9,2,2,6,1,1,1,4,6,2,,,,,,,,,,,,,,,,
,,,,1,1,46,9,2,1,6,1,1,1,4,6,1,1,,,,1,,,,,,,,1,,,
,,,1,1,1,29,7,2,1,6,1,2,1,2,27,2,,,,,1,,1,,,,,,,,,
,,,,1,1,61,6,2,1,7,2,2,1,4,30,2,1,,,,1,,,,,,,,,,,1
,,,,1,1,61,8,1,1,6,5,2,1,4,6,2,1,,,,,,1,1,,,,,,,,
,,,,1,1,29,2,2,6,6,1,2,1,3,12,2,1,,,,,,,,,,,,1,,1,1
,,,,1,1,53,7,2,1,3,1,2,2,3,22,1,1,,,,1,,,,,,,,1,,,
,1,,,,1,30,8,2,1,7,1,2,3,3,48,1,,,,,,,,,,,,,,,,
1,,,,,1,47,4,1,1,8,2,2,1,4,35,2,,,,,,,,,,,,,,,,
,,,1,1,1,18,98,1,6,3,2,1,1,4,6,1,1,,,,,,,1,,,,,,,,1
,,,,1,1,39,8,2,1,6,1,1,1,3,48,1,1,,,,,,,,,,,,,,,
,,,,1,1,81,4,1,5,3,4,2,1,3,12,2,1,,,,,,,,,,,,,,,
,,,,1,1,39,9,2,1,6,1,2,1,2,19,2,1,1,,,1,,,,,,1,,,,,
,,,1,,1,70,7,2,3,8,1,2,2,1,25,2,,,,,,,,,,,,,,,,
,,,,1,1,70,6,1,1,6,3,2,1,3,51,1,1,,,,1,,,,,,1,1,,,,
,,,,1,1,55,7,2,1,6,1,2,1,2,55,2,,,,1,,,,,,,,,,,,
,1,,,1,1,20,4,8,6,3,4,2,5,4,2,2,,,,,,1,,,,1,,,,,,
,,,,1,1,70,8,2,5,8,3,2,1,3,51,1,,1,,,,,,,,,1,,,,,
,,,1,,1,51,6,4,1,4,2,2,1,3,40,1,,,,,,,,,,,,,,,,
,,,,1,1,67,98,3,1,3,3,2,2,3,13,2,,,,,,1,,,,,,,1,,,
,1,,1,1,1,32,5,3,1,3,1,2,1,2,17,2,,,1,,,,,,,,,,,,,
,,,,1,1,30,98,1,6,6,1,2,1,2,39,1,1,,,,1,,,,,,1,,,,,1
,,,,1,1,56,9,3,1,8,1,2,1,1,44,2,1,,,,1,,,,,,,,,,,
,,,1,1,1,57,3,2,4,2,1,2,2,3,22,2,,,,1,,,,,,,,,,,,
,,,,1,1,21,6,1,6,3,1,2,1,4,15,1,,,,,,1,,,,,,,,,,
,,,,1,1,67,7,2,1,3,3,2,1,2,18,2,1,1,,,,,,,,,,,1,,,
,1,,,1,1,40,9,2,1,7,1,2,1,3,12,1,1,,,,1,,,,,,1,,,,,1
,1,,1,,1,38,1,2,6,2,4,2,2,2,39,2,,,,,,,,,,,,,,,,
,,1,,,1,62,7,1,3,6,1,2,1,3,24,1,,,,,,,,,,,,,,,,
,,,,1,1,64,1,1,3,4,3,2,1,2,20,2,1,,,,,,,1,1,,,,,1,,1
,,,,1,1,60,8,2,1,6,1,2,1,2,29,1,1,,,,,,,1,,,,,,,,
,,,1,,1,50,7,8,4,2,5,1,7,3,21,1,,,,,,,,,,,,,,,,
,,,1,,1,82,9,1,1,8,3,2,1,4,6,1,,,,,,,,,,,,,,,,
,,,,1,1,78,7,2,1,8,3,2,1,1,36,2,,,,,,,,,1,,,,,,,
,,,,1,1,47,9,2,1,8,2,2,1,1,42,2,,,,,,,,,1,,,,,,,1
,,,1,,1,26,4,1,6,8,1,2,1,1,36,1,,,,,,,,,,,,,,,,
,1,,,1,1,62,7,1,1,4,3,2,1,3,13,1,1,,,,,,,,,,,,,,,
,,,,1,1,67,9,2,1,6,2,2,1,4,32,1,,1,,,,,,,,,1,,,,,1
,,,1,1,1,66,7,3,1,7,1,2,2,3,12,1,,,,,,1,,,,,,1,,,,
1,,,,,1,19,1,2,6,3,4,2,2,3,45,2,,,,,,,,,,,,,,,,
,,,,1,1,21,3,1,6,5,1,2,9,2,17,2,1,,,,,,,1,,,,,,,,
,,,1,,1,68,6,1,1,4,3,2,1,3,47,2,,,,,,,,,,,,,,,,
,,,,1,1,42,9,2,1,6,1,2,1,1,42,1,1,,,,,,,,,,,,,,,1
,,,1,,1,57,7,2,5,6,1,2,1,3,12,2,,,,,,,,,,,,,,,,
1,,,,,1,50,99,9,1,7,1,2,1,1,42,1,,,,,,,,,,,,,,,,
,,,,1,1,47,9,1,1,6,1,2,1,2,27,2,1,,,,1,,,,,,,,,,,
,,,1,,1,44,99,2,1,8,1,2,3,1,36,2,,,,,,,,,,,,,,,,
,,,,1,1,80,7,1,1,6,3,2,1,3,48,2,1,,,,1,,,,,,,1,1,,,1
,,,,1,1,28,4,2,6,6,1,2,1,3,11,1,1,,,,,,,1,,,,,,1,1,1
,,,,1,1,50,9,1,1,4,1,2,1,3,21,1,1,,,,,,,,,,1,,,,,
1,,,,,1,50,6,2,1,4,1,2,1,3,48,2,,,,,,,,,,,,,,,,
,,,1,,1,39,6,3,1,6,1,2,1,1,23,2,,,,,,,,,,,,,,,,
,,,,1,1,25,5,4,6,3,2,2,1,1,50,2,1,,,,1,,,,,,,,,,,1
1,,,,,1,68,7,2,2,3,3,2,1,3,54,1,,,,,,,,,,,,,,,,
,,,,1,1,58,6,1,1,5,1,2,1,3,47,2,,1,,,,,,,,,,,,,,
,,,,1,1,27,8,3,1,7,1,2,3,1,25,2,,1,,,,1,,,,,,,,,,
,,,1,,1,18,2,8,6,2,4,1,7,4,6,1,,,,,,,,,,,,,,,,
,,,,1,1,55,99,1,1,6,1,2,1,4,8,1,1,,,,,,,,,,,,,,,
,,,,1,1,25,3,2,2,6,2,2,1,1,42,1,1,,,,1,,,,,,,,,,,
,,,,1,1,67,2,4,3,6,3,2,1,2,27,2,1,,,,,,,,,,,,1,,,
,,,,1,1,60,8,2,1,1,1,2,3,3,51,1,1,,,,,,,,,,,,,,,
,,,,1,1,22,7,2,6,6,7,1,1,3,48,2,1,,,,,,1,,,,,,,,,
,,,,1,1,40,9,1,1,3,5,2,1,4,30,1,1,,,,,,,,,,,,,,,
1,,,,,1,84,99,1,5,4,3,2,1,3,48,2,,,,,,,,,,,,,,,,
,,,,1,1,56,9,2,1,4,1,2,1,4,6,1,1,,,,1,,,1,,,,,,,,1
,,,1,,1,43,8,1,1,7,1,2,1,4,6,1,,,,,,,,,,,,,,,,
,1,,,1,1,45,9,1,1,3,1,2,1,1,36,1,1,,,,,1,,,,,,,,,,
,,,,1,1,67,3,1,1,4,3,2,5,4,2,1,1,,,,1,,,,,,,,,,,
,,,,1,1,35,8,4,1,5,1,2,1,3,51,1,1,,,,,,,,,,,,,,,
,,,1,,1,46,8,2,1,6,1,2,1,4,6,1,,,,,,,,,,,,,,,,
,,,,1,1,70,99,1,6,7,3,2,1,4,16,1,,,1,,,,,,1,,,,,1,,
,,,,1,1,72,6,2,1,6,4,2,1,1,34,1,1,,,,,,,1,,,,,,,,1
,,,1,,1,50,1,1,2,4,4,1,7,2,26,1,,,,,,,,,,,,,,,,
,,,,1,1,76,3,3,6,6,3,2,1,3,24,1,1,,,,1,,1,,,,,,,,,
,,,1,1,1,29,5,2,6,6,1,2,1,3,48,2,1,,,,,,,,,,,,,,1,
,1,,,,1,43,3,2,1,6,1,1,7,4,53,1,,,,,,,,,,,,,,,,
,,,1,,1,63,99,3,1,6,3,2,1,1,34,1,,,,,,,,,,,,,,,,
,,,1,,1,18,98,4,6,3,4,2,1,4,16,1,,,,,,,,,,,,,,,,
,,,,1,1,79,8,2,1,6,3,2,1,4,6,2,1,,,1,,,,,,,,,,,,
,,,,1,1,47,9,1,1,8,1,2,1,4,53,2,1,,,,1,,,,,,,,,,,
,,,,1,1,60,9,2,1,6,3,2,1,4,6,2,1,,,,,,,,,,,,,,,
1,,,,,1,46,9,3,1,7,1,2,3,4,6,1,,,,,,,,,,,,,,,,
,,,1,,1,74,99,1,1,4,3,2,1,2,17,1,,,,,,,,,,,,,,,,
,,,1,,1,19,1,2,6,3,4,2,2,2,26,2,,,,,,,,,,,,,,,,
,,,,1,1,44,99,9,1,7,5,2,2,3,12,1,1,,,,1,,,,,,,,,,,
,,,1,1,1,67,8,1,1,6,1,2,1,3,48,1,,1,,,1,,,,,,,,,,,
,1,,,,1,73,2,2,3,4,3,2,2,3,13,2,,,,,,,,,,,,,,,,
,,,1,,1,67,7,2,6,3,1,2,1,1,25,2,,,,,,,,,,,,,,,,
,,,1,,1,68,3,1,3,4,3,2,1,3,13,2,,,,,,,,,,,,,,,,
,,,,1,1,43,8,3,1,3,1,2,1,4,8,1,,1,,,,,,,,,,,1,,,
1,,,,,1,69,7,1,1,4,3,2,1,4,6,1,,,,,,,,,,,,,,,,
,,,1,,1,65,9,1,6,5,1,2,1,3,24,1,,,,,,,,,,,,,,,,
,,1,,1,1,44,9,2,4,7,1,2,1,4,6,1,1,,1,,,,,,,,,,,,,
,,,,1,1,22,2,2,6,3,4,2,2,2,17,1,,,,,,,1,,,,,,,,,
,,,1,,1,19,5,2,6,4,2,1,7,1,34,2,,,,,,,,,,,,,,,,
,,,,1,1,72,6,1,1,5,3,2,1,3,12,2,,1,,,1,,,,,,,,,,,
,,,,1,1,26,3,2,2,4,2,2,1,3,45,2,,,1,,,,,,,,,,,,,
1,,,,,1,20,6,1,6,3,2,2,1,2,17,1,,,,,,,,,,,,,,,,
,,,1,,1,62,99,2,5,7,1,2,1,2,26,2,,,,,,,,,,,,,,,,
,,1,1,1,1,35,8,3,1,6,1,1,7,4,6,1,1,,,,,,,1,,,,,,,,1
,,,,1,1,20,6,2,6,4,8,2,2,3,22,2,1,,,,1,,,,,,1,,,,,
,,,1,,1,22,4,1,2,4,6,2,3,4,6,1,,,,,,,,,,,,,,,,
,,,,1,1,30,2,2,4,2,1,2,1,2,39,2,1,,,,,,,,,,1,,,,,
1,,,,,1,84,3,2,5,6,3,2,2,2,17,2,,,,,,,,,,,,,,,,
,,,1,,1,50,99,1,9,6,2,2,1,4,6,2,,,,,,,,,,,,,,,,
,,,,1,1,81,2,3,5,3,3,2,1,2,39,2,,,,,,,,,1,1,,,,,,1
,,,,1,1,60,5,1,1,3,1,2,1,3,13,1,1,,,,1,,,,,,,,,,,
,,,1,1,1,57,7,1,2,3,1,2,1,1,36,2,1,,,,,,,,,,,,,,,
,,,,1,1,99,4,1,3,3,1,2,1,2,39,2,1,,,,,,,,,,,,,,,
,,,,1,1,43,4,3,1,6,2,2,1,1,36,1,1,,,,,,,,,,,,,,,
,,,,1,1,51,9,2,1,8,1,2,1,3,51,1,,,,,,,,1,,,,,,,,
,,,1,,1,73,5,1,5,5,1,2,1,3,47,1,,,,,,,,,,,,,,,,
,,,1,1,1,53,4,2,6,3,1,2,2,1,36,2,1,,,,,,,,,,,,,,,
,,,1,,1,62,9,2,1,8,1,2,1,1,36,2,,,,,,,,,,,,,,,,
,,,,1,1,25,3,2,6,6,2,2,1,2,55,1,1,,,,,,1,1,,,,,,,,
,,,,1,1,62,9,2,2,4,5,2,1,1,36,1,1,,,,1,,,,,,,,1,,,
,1,,,1,1,47,4,4,6,3,1,2,1,4,6,1,,,,,,,1,,,,,,,,,
,,,,1,1,75,9,1,3,6,3,2,1,3,12,1,1,,,,1,,,,,,,,,,,
,,,,1,1,66,99,9,1,6,1,2,1,4,4,2,,1,,,,,,,,,,1,,,,
1,,,,,1,62,99,1,4,5,3,2,1,1,36,1,,,,,,,,,,,,,,,,
,,,1,,1,45,99,2,1,6,1,2,1,3,48,1,,,,,,,,,,,,,,,,
,,,1,,1,65,7,1,1,4,3,2,1,2,19,1,,,,,,,,,,,,,,,,
,,,,1,1,24,4,2,6,3,4,2,1,2,20,1,1,,,,,,,1,,,,,,,,
,,,,1,1,57,8,2,1,6,1,2,1,1,34,2,1,,,1,,,,,,,1,,,,,1
,,,,1,1,24,3,2,6,3,2,2,1,1,25,1,1,,,,1,,,,,,,,1,,,
,,1,1,1,1,74,9,2,1,7,2,1,1,1,36,1,,,,,,,,,,1,,,,,,
,,,,1,1,66,5,2,2,6,3,2,1,4,6,1,,1,,,,,,1,,,,,,,,
,,,1,,1,71,6,1,5,4,3,2,1,2,20,1,,,,,,,,,,,,,,,,
,,,,1,1,60,6,2,1,6,1,2,1,1,42,1,1,,,,,,,1,,,,,,,,
,,,,1,1,70,8,2,1,6,3,2,1,3,13,1,1,,,,1,,,,,,,,,,,
,,,,1,1,61,6,2,3,6,4,2,1,3,24,2,,,1,,,,,,,1,,,,,,
,,,,1,1,41,8,2,1,6,1,2,2,3,21,1,1,,,,1,,,,,,1,,1,,,
,,,1,1,1,35,3,3,6,3,1,2,1,2,55,1,,1,,,,,1,,,,,,,,,
,,,,1,1,40,8,2,1,3,1,2,1,2,19,1,,1,,,,,,,,,,,,,,
,,,,1,1,51,8,2,1,6,1,2,1,2,39,1,1,,,,1,,,,,,,,,,,
,,,1,1,1,26,6,3,1,6,7,2,1,3,37,1,,,,,,,1,,,,1,,1,,,1
,,,1,1,1,69,8,1,1,6,3,2,1,3,48,2,1,,,,1,,,,,,,,,,,
,,,1,1,1,30,99,4,9,4,2,9,9,1,34,1,1,,,,,,,,,,,,,,,
,,,,1,1,74,6,2,3,6,3,2,1,1,9,2,1,1,,,1,1,,,,,,,1,,,
,,,,1,1,65,5,2,3,6,2,2,1,3,37,2,1,,,,1,,,,,,1,,,1,,
,,,,1,1,47,5,2,1,6,4,2,1,4,41,2,1,,,,1,,,,,,,,,,,
,,,1,1,1,20,98,2,6,3,1,2,2,4,8,1,1,,,,,,,,,,,,,1,,1
,,,,1,1,35,1,2,6,6,4,2,2,2,17,1,,,,,,,1,,,,,,,,,
,,,,1,1,59,6,1,3,6,1,2,1,1,33,1,,,,1,,,,,,,1,,,,,
,,1,,,1,18,98,1,6,3,4,2,1,1,36,1,,,,,,,,,,,,,,,,
,,,,1,1,46,9,2,1,8,2,2,1,2,55,1,1,,,,1,,,,,,1,,,,,
,,,,1,1,90,99,1,1,4,3,2,1,3,28,1,1,,,1,,,,,,,,,,,,
,,,,1,1,60,8,1,1,6,3,2,1,1,36,1,1,,,,,,,1,,,1,,,,,
,,,,1,1,56,3,2,5,5,2,2,2,3,21,2,,,1,1,,,,,,,,,,1,,1
,,,1,,1,62,4,2,1,5,3,2,2,3,1,1,,,,,,,,,,,,,,,,
,,,,1,1,56,5,3,1,3,1,2,1,1,42,2,1,,,1,,1,,,,,,,,,,
,,,,1,1,23,2,2,6,6,2,2,1,1,25,1,1,,,,,,,1,,,,,,,1,
,,,1,,1,71,1,4,5,2,3,2,1,2,26,2,,,,,,,,,,,,,,,,
,,,1,,1,20,6,2,6,4,2,2,2,1,36,2,,,,,,,,,,,,,,,,
1,,,,,1,27,4,2,6,8,2,2,1,3,12,2,,,,,,,,,,,,,,,,
,,,1,1,1,76,5,2,5,5,5,2,1,4,6,2,,,,,,,,,1,,,,,,,1
,,,1,1,1,57,7,1,2,4,1,2,1,2,17,1,1,,,,1,,,,,,,,1,,,
,,,,1,1,60,7,1,3,6,1,2,1,1,36,1,,,,,,1,,,,,,,,,1,
,,,1,,1,60,8,1,1,3,2,2,1,3,47,2,,,,,,,,,,,,,,,,
,,,,1,1,28,6,2,6,6,1,2,1,4,41,1,1,,,,1,,,,,,,,,,,
,,,,1,1,20,8,2,6,5,1,1,7,4,6,1,1,,,,1,,,,,,,,,,,
,,,1,1,1,38,4,1,1,5,2,1,1,4,6,1,,1,,,,,,,,,,,,,,
,,,,1,1,18,98,8,6,2,1,1,7,2,17,2,,,1,,,,,,,,,,,,,
1,,,,,1,79,1,1,5,5,3,2,2,3,13,2,,,,,,,,,,,,,,,,
1,,,,,1,53,98,8,1,3,6,2,3,3,21,2,,,,,,,,,,,,,,,,
,,,,1,1,58,4,2,6,4,1,2,2,3,48,2,1,,1,,,,,,,,,,,,,
,,,1,,1,64,99,2,1,8,1,2,1,3,51,2,,,,,,,,,,,,,,,,
,,,,1,1,55,4,2,5,5,1,1,1,4,35,2,,,,1,,1,,,,,,1,,,,
,,,,1,1,25,4,9,6,6,1,1,2,2,26,1,1,,,,1,,,,,,,,,,,
,,,1,1,1,68,2,1,6,6,2,2,1,2,17,1,1,1,,,1,,,,,,,1,,,,
,,,,1,1,20,6,2,6,4,2,2,1,3,47,1,1,,,,1,,,,,,,,,,,
,,,,1,1,74,6,2,1,6,3,2,1,2,17,1,,,,,,,,,1,,,,,,,1
,,,,1,1,49,7,3,1,5,3,2,2,1,25,2,1,,,,,,1,,,,,,,,,
,,,,1,1,54,8,2,3,6,1,2,1,2,29,2,1,,,,,,,1,,,,,,,1,
,,,,1,1,60,6,1,5,5,3,2,1,2,39,2,1,,,,1,,,,,,,,1,,,
,1,,,1,1,55,8,1,1,5,1,2,1,3,48,1,1,,,,,1,,,1,,,,,,,1
,,,,1,1,31,5,2,1,4,2,2,1,3,48,2,,,,,,1,,,,,,,,,,
,,,,1,1,44,99,1,2,5,1,2,1,2,55,1,1,,,,,,,1,,,,,,,,
,,,,1,1,66,6,1,2,3,3,2,1,3,13,2,1,,,,,,,,,,1,,1,,,
,,,1,1,1,21,99,1,6,4,2,2,1,4,6,1,1,,,,1,,,,,,,1,,,,
,,,,1,1,62,8,1,1,3,1,2,1,1,36,1,1,,,,1,1,,,,,,,,,,1
,,,,1,1,61,8,1,1,4,1,2,5,2,26,1,,,,,,,,,,1,,,,,,
,1,,1,1,1,51,2,3,6,4,1,2,9,3,12,2,1,,,,,,,,,,,,,,,
,,,,1,1,23,98,3,6,3,1,2,1,1,42,1,,1,,,1,1,,,,,,,1,,,
,,,,1,1,24,2,1,2,6,1,2,1,3,48,1,,,,1,,,,,,,,,,,,
,,,,1,1,53,9,3,1,7,1,2,1,4,6,1,1,,,,1,,,,,,,,1,,,1
,,,,1,1,99,7,2,1,6,3,2,1,2,17,1,,1,,,,,,1,,,,,,,,
,,,,1,1,57,99,1,1,6,1,2,1,4,6,1,,1,,,,,,,,,,,,,,1
,,,,1,1,55,8,1,1,6,1,2,1,3,5,1,1,1,,,1,,,,,,,,1,,,
1,,,,,1,42,8,9,9,6,1,2,9,2,26,2,,,,,,,,,,,,,,,,
,,,1,,1,58,98,1,3,2,6,2,1,3,13,2,,,,,,,,,,,,,,,,
,,,,1,1,20,9,1,6,5,2,2,1,2,18,1,1,,,,,,,1,,,,,1,,,
,,,,1,1,82,4,3,1,5,3,2,1,2,17,1,1,,,,1,,,,,,,,,,,
,,1,,,1,55,5,2,6,6,2,2,2,3,12,1,,,,,,,,,,,,,,,,
,1,,,,1,56,99,3,6,2,1,2,5,4,2,1,,,,,,,,,,,,,,,,
,,,,1,1,25,98,2,6,6,1,2,3,4,6,2,,1,,,,,,,,,,,1,,,
,,,,1,1,60,9,2,1,3,2,2,1,1,36,2,1,,,,,,,,,,,,1,,,
,,,1,1,1,58,7,1,1,3,1,2,1,3,12,1,1,,,,1,,,,,,,,,,,
,1,,1,,1,30,8,2,6,6,1,2,4,4,8,1,,,,,,,,,,,,,,,,
,,,,1,1,26,9,2,6,3,2,2,1,1,36,1,,,,,,1,,,,,,,,,,
,,,,1,1,32,9,2,2,6,1,2,1,2,17,1,1,,,,1,,,,,,,,,,,
,,,1,,1,36,99,3,1,8,1,2,1,2,46,2,,,,,,,,,,,,,,,,
1,,,,,1,50,99,9,1,8,1,2,1,1,36,1,,,,,,,,,,,,,,,,
,,,1,,1,24,99,9,6,3,1,1,9,3,48,1,,,,,,,,,,,,,,,,
,1,,1,,1,32,98,4,6,3,4,2,1,4,6,1,,,,,,,,,,,,,,,,
,,,,1,1,41,6,2,1,3,1,2,1,3,37,1,,,,,,1,,,,,,,,,,
,,,,1,1,57,3,2,6,2,4,2,2,2,27,1,,,,,,1,,,,,,,,,,
,,,,1,1,50,8,2,1,7,1,2,2,2,17,2,1,,,,1,,,,,,,,,,,
,,,1,,1,99,99,2,1,7,3,2,9,2,17,2,,,,,,,,,,,,,,,,
,,,,1,1,39,8,2,1,8,1,2,1,3,51,2,1,,,,,,,,,,1,,,,,
,,,1,,1,72,99,9,1,99,99,9,9,4,6,2,,,,,,,,,,,,,,,,
1,,,,,1,55,7,1,1,4,1,2,1,1,33,1,,,,,,,,,,,,,,,,
,,,,1,1,44,9,3,1,6,1,2,3,3,48,1,1,,,,,,,,,,,,,,,
,,,1,,1,90,3,1,5,7,3,2,1,4,41,2,,,,,,,,,,,,,,,,
,,,1,,1,99,9,2,5,6,3,2,1,3,48,1,,,,,,,,,,,,,,,,
1,,,,,1,23,1,2,6,7,2,2,1,3,48,1,,,,,,,,,,,,,,,,
,,,,1,1,39,8,1,1,3,1,2,1,2,29,1,1,,,,1,,,,,,,,,,,
,,,1,1,1,25,9,2,6,6,1,2,3,4,6,2,,,,,,1,,,,,,1,,,,
,,,,1,1,65,99,1,1,8,1,2,1,2,18,1,1,,,,,,,1,,,,,,,,
1,,,,,1,21,2,2,1,3,4,2,2,2,26,1,,,,,,,,,,,,,,,,
,,,,1,1,52,6,2,1,4,1,2,1,2,17,1,,1,,,,,,,,,1,,,,,
,,,,1,1,49,9,2,1,7,1,2,1,2,29,2,1,,,,1,,,,,,1,,1,,,
,,,,1,1,44,1,3,6,4,4,2,1,2,18,1,1,,,,1,1,,,,,,,,,,
,,,,1,1,24,99,2,6,6,1,2,1,1,25,2,,,,,1,,1,,,,,,1,,,
,,,1,1,1,35,9,2,1,6,2,2,1,4,6,2,1,,,,1,,,,,,,,,,,1
1,,,,,1,18,4,1,6,3,2,2,1,2,39,1,,,,,,,,,,,,,,,,
,,,1,,1,87,8,2,1,7,3,2,2,3,48,1,,,,,,,,,,,,,,,,
,,,,1,1,37,6,2,6,7,1,2,1,4,32,1,1,,,,,,,,,,1,,,,,
,,,1,,1,81,9,1,1,5,3,2,1,2,17,2,,,,,,,,,,,,,,,,
,,,,1,1,73,2,2,1,7,3,2,1,3,48,1,1,,,,1,,,,,,,,,,,
,,,1,,1,67,5,3,1,7,3,2,1,3,13,1,,,,,,,,,,,,,,,,
,,,,1,1,56,1,2,6,6,2,2,1,2,19,1,1,,,,1,,,,,,,,1,,,
,,,,1,1,43,8,3,1,6,4,2,3,4,6,1,1,,,,1,,,,,,,,,,,1
,,,,1,1,69,5,2,6,6,3,2,1,4,41,2,1,,,,1,,,,,,,1,,,,
,,,,1,1,66,5,3,3,3,3,2,1,3,48,2,1,,,,1,1,,,,,,1,,,,
,,,1,,1,60,9,1,1,5,1,2,1,3,51,1,,,,,,,,,,,,,,,,
,,,,1,1,83,3,2,3,4,3,2,1,4,53,2,1,,,,,1,,,,,,,,,,
,,,,1,1,57,8,2,1,8,1,2,1,1,34,1,,1,,,,,,1,,,,,,,,
,,,,1,1,61,3,2,3,3,1,2,1,2,38,1,1,,,,1,,,,,,,,1,,,
,,,,1,1,56,4,1,6,7,1,1,1,4,8,1,,1,,,,,,,,,,,,,,
,,,,1,1,63,9,2,6,8,1,2,1,1,44,1,1,,,,1,,,,,,,,,,,
,,,,1,1,47,6,2,2,6,1,2,1,2,39,1,,,,,,,,,,1,,,,,,
,,,,1,1,43,9,2,1,8,4,2,2,4,6,1,1,,,,1,,,,,,1,,,,,
1,,,,,1,53,1,2,3,3,1,2,1,4,53,2,,,,,,,,,,,,,,,,
,,,,1,1,99,99,9,9,99,99,9,9,3,12,1,1,,,,,,,,,,,,,,,
,,,,1,1,33,6,2,2,3,1,2,1,1,42,2,1,,,,1,,,,,,,,1,,1,
,,,,1,1,59,1,2,6,5,6,2,2,4,6,1,,,,,,1,,,1,,,,,,,
,,,,1,1,60,3,1,6,2,2,2,1,3,13,1,,,,,,,,,1,,,,,,,
,,,,1,1,79,1,2,1,1,3,1,7,3,12,1,1,,,,,,,,,,,,,,,
,,,1,,1,71,6,1,1,4,3,2,1,3,54,2,,,,,,,,,,,,,,,,
,,,1,,1,99,99,9,9,8,99,9,9,4,41,1,,,,,,,,,,,,,,,,
,,,,1,1,38,8,1,1,3,1,2,1,3,51,1,1,1,,,1,,,,,,,,,,,
,,,,1,1,88,4,1,1,3,5,2,1,2,26,1,,,,,,1,,,,,,1,,,,
,,,1,,1,50,3,2,1,4,1,2,1,4,53,2,,,,,,,,,,,,,,,,
,,,,1,1,36,7,3,1,6,1,1,1,4,4,1,1,,,,,,,1,,,,,,,1,
,,,1,,1,40,3,5,1,6,1,2,1,4,41,1,,,,,,,,,,,,,,,,
,,,,1,1,65,6,2,3,7,1,2,1,2,39,1,1,,,,1,,,,,,,,,1,,
,,,,1,1,50,98,2,1,6,1,2,1,2,39,2,1,,,,1,,,,,,,1,,,,
,,,,1,1,60,4,3,4,5,1,1,2,3,13,2,1,,,,,,,,,,,,,,,
,,,,1,1,24,5,2,6,6,1,2,1,1,36,1,1,,,,1,,,,,,,,1,,,
1,,,,,1,51,3,2,1,6,1,2,1,1,42,2,,,,,,,,,,,,,,,,
,,,,1,1,37,6,2,6,6,1,2,1,2,26,1,1,,,,1,,,,,,,,1,,,
,,,1,,1,21,6,3,6,3,2,2,3,3,48,1,,,,,,,,,,,,,,,,
,,,,1,1,74,7,1,1,5,2,2,1,3,37,1,,,,1,,,,,,,,,,,,1
,,,,1,1,62,5,1,1,3,3,2,1,4,35,1,1,1,,,1,,,,,,,,,,,
,,,1,,1,30,98,4,1,4,8,2,3,4,6,2,,,,,,,,,,,,,,,,
,,,,1,1,20,9,1,6,6,4,1,7,1,36,1,,,,1,,,,,,,,,,,,
,,,1,1,1,19,98,2,6,3,4,2,1,1,36,2,,,1,,,,,,,,,,,,,
,,,,1,1,80,5,1,1,4,3,2,1,2,55,1,1,,,,,1,,,,,,,1,,,
,,,,1,1,34,3,2,6,5,2,2,2,4,6,1,,,,1,1,,,,,1,1,,,,,
,,,,1,1,66,1,1,5,2,3,2,1,3,21,2,1,,,,1,,,,,,1,,,,,
,,,,1,1,56,6,1,1,5,3,2,1,3,37,1,1,,,,1,,,,,,,1,,,,
,,,1,,1,57,9,1,1,3,1,2,1,2,39,1,,,,,,,,,,,,,,,,
,,,,1,1,78,6,2,1,4,3,2,1,4,15,1,1,,,,,,,,,,,,,,,
,,,,1,1,18,99,2,5,3,4,2,1,1,36,2,1,,,1,1,,,,,,,,1,,,
,,,,1,1,45,9,2,1,8,1,2,1,2,17,2,1,,,,1,,,,,,,,,,,
1,,,,,1,68,3,2,1,3,3,2,1,2,55,1,,,,,,,,,,,,,,,,
,,,,1,1,40,8,2,1,6,1,2,2,3,45,2,,,1,,,1,,,1,,,,,,,1
1,,,,,1,34,7,2,6,8,1,2,1,4,8,2,,,,,,,,,,,,,,,,
,,,,1,1,75,5,2,1,7,3,2,1,3,47,1,1,,,,,,1,,,,,1,,,,
,,,,1,1,65,7,1,1,6,3,2,1,2,18,2,1,,,,1,,,,,,,,,,,
,,,1,,1,25,6,2,6,6,1,2,1,1,36,1,,,,,,,,,,,,,,,,
,1,,,1,1,31,4,1,1,5,4,2,1,3,12,2,,,,,,,1,,,,,,,,,
,,,,1,1,61,8,3,1,7,1,1,1,3,12,1,1,,,,,,,,,,,,,,1,
,,,,1,1,99,99,9,9,99,1,2,9,3,48,2,1,,,,,,,,,,,,,,,
,,,,1,1,23,9,9,9,99,99,9,9,4,6,2,,,,,,,1,,,,,,,,,
,,,,1,1,81,2,1,6,6,3,2,1,2,39,2,,1,,,,,,,,,,,,,,
,,,,1,1,60,7,2,3,3,3,2,1,1,36,2,,,,,,,1,,,,,,,,,
,,,,1,1,70,7,2,1,8,3,1,1,3,1,1,1,,,,,,,,,,1,,,,,
,,,,1,1,27,5,2,6,5,2,2,2,1,36,1,,,,,,,,,,1,,,,,,
,,,,1,1,64,7,2,1,7,3,2,1,3,37,2,,,,,1,,,,1,,,,,,,1
,,,,1,1,30,99,9,1,7,4,2,3,4,6,2,,1,,,1,,,,,,,,1,,,
,,,1,,1,19,7,2,6,4,2,2,1,3,22,2,,,,,,,,,,,,,,,,
,,,,1,1,29,4,2,2,6,1,2,1,2,26,1,1,,,,,,,1,,,,,,,,1
,,,,1,1,62,6,1,1,3,3,2,1,2,17,1,,,,,,,,,,1,,,,,,
,,1,,,1,67,4,1,1,8,3,2,1,4,41,1,,,,,,,,,,,,,,,,
,1,,,1,1,51,8,4,1,7,1,1,7,3,48,1,,,,,,,1,,,,,,,,,
,,,,1,1,66,3,1,3,3,1,2,1,2,26,1,,,,,,,,,1,,,,,,,
,,,,1,1,79,9,1,1,3,1,2,1,3,1,1,1,,,,,1,,,,,,1,,,,
,,,1,,1,80,5,1,1,5,3,2,1,3,12,1,,,,,,,,,,,,,,,,
,,,,1,1,68,3,1,5,3,3,2,1,2,26,1,1,,,,1,,,,,,1,,,,,
,,,,1,1,60,7,1,1,3,2,2,1,4,8,2,1,,,,,,,,,,,1,,,,
,,,1,1,1,74,5,1,1,7,3,2,1,3,45,1,,,1,,,,,,,,,,,,,
,1,,1,,1,48,7,1,3,8,1,2,1,2,39,2,,,,,,,,,,,,,,,,
,,,1,,1,45,9,2,1,8,1,2,1,1,9,1,,,,,,,,,,,,,,,,
1,,,,,1,64,8,9,1,7,1,8,9,3,12,1,,,,,,,,,,,,,,,,
,,,,1,1,28,8,5,2,6,1,2,9,1,34,1,1,,,,1,,,,,,,,,,1,
,,,,1,1,73,98,2,1,2,3,2,2,1,34,2,,,,,,1,,,,,,,,,,
,,,,1,1,43,6,1,6,8,1,2,1,2,31,1,,,,,,,,,1,,,,,,,1
,,,,1,1,35,4,2,1,6,1,2,1,1,33,1,1,,,,,,,,,,,,,,1,
1,,,,,1,47,6,2,1,3,1,2,1,4,6,1,,,,,,,,,,,,,,,,
,,,,1,1,61,8,2,1,6,1,2,1,2,55,1,1,1,,,,,,,,,,,,,,
,,,,1,1,55,3,4,3,6,4,2,1,2,17,1,1,,,,,,,,,,,,,,,
1,,,,,1,38,7,2,4,3,1,2,1,2,18,1,,,,,,,,,,,,,,,,
,,,,1,1,28,9,1,1,6,1,2,1,4,6,1,1,,,,,,,1,,,,,,,1,
,,,,1,1,34,9,2,1,7,1,2,3,3,11,1,1,,,,1,,,,,,,1,,,,
,,,,1,1,37,8,2,1,6,4,2,1,3,45,1,1,,,,1,,,,,,,,,,,1
,,,1,,1,18,3,2,6,4,4,2,1,1,36,1,,,,,,,,,,,,,,,,
,,,1,,1,73,6,2,1,6,2,2,2,3,13,1,,,,,,,,,,,,,,,,
1,,,,,1,60,1,2,1,2,6,2,1,4,53,1,,,,,,,,,,,,,,,,
1,,,,,1,23,98,2,6,5,4,1,1,3,48,2,,,,,,,,,,,,,,,,
,,,,1,1,68,8,1,1,7,3,2,1,3,12,1,1,,,,1,,,,,,,1,,,,
,,,,1,1,59,99,9,1,7,3,2,2,3,51,2,,1,,,,,,,,,,,,,,
,,,1,,1,30,5,2,6,4,1,2,3,3,48,1,,,,,,,,,,,,,,,,
,,,1,,1,67,6,3,3,5,3,2,1,4,6,1,,,,,,,,,,,,,,,,
,,,,1,1,19,4,2,6,4,2,2,1,3,22,2,1,,,,,,,1,,,,1,,,,
,,,,1,1,48,1,2,6,4,4,2,4,2,17,1,1,,,,,1,,,,,,,,,,
,,,1,,1,22,3,1,6,3,2,2,1,2,39,1,,,,,,,,,,,,,,,,
,,,1,,1,99,99,9,9,99,99,9,9,1,50,1,,,,,,,,,,,,,,,,
,,,1,,1,63,6,2,1,6,1,2,9,3,48,2,,,,,,,,,,,,,,,,
,,,,1,1,67,6,2,1,8,3,2,1,4,53,2,,,,1,,,,,,,,,,,,
,,,,1,1,49,9,1,1,7,1,2,9,4,2,1,,1,,,1,,,,,,,,,,,1
,,,,1,1,65,9,1,1,6,3,2,1,1,36,2,1,,,,1,,,,,,,1,,,,
,,,1,,1,54,99,2,3,4,4,2,9,2,17,1,,,,,,,,,,,,,,,,
,,,1,,1,32,8,2,1,6,1,2,1,1,9,2,,,,,,,,,,,,,,,,
1,,,,,1,35,9,1,1,6,1,1,7,1,36,1,,,,,,,,,,,,,,,,
,,,1,,1,37,6,4,6,3,1,2,1,2,17,2,,,,,,,,,,,,,,,,
,,,,1,1,59,8,3,1,6,2,2,1,3,28,1,,,,,,,,1,,,,,1,,,
,,,1,,1,79,7,2,6,7,3,2,5,1,34,1,,,,,,,,,,,,,,,,
,1,,,1,1,77,6,3,1,7,3,2,1,4,53,1,1,,,,1,,,,,,1,,,1,,
,,,1,,1,91,2,1,5,3,3,2,1,2,19,2,,,,,,,,,,,,,,,,
1,,,,,1,83,4,2,5,6,3,2,1,2,17,2,,,,,,,,,,,,,,,,
1,,,,,1,74,2,2,3,3,3,2,1,2,31,1,,,,,,,,,,,,,,,,
,,,,1,1,62,8,1,1,8,3,2,1,2,39,2,,,,,,,,,,,,,1,,,
,,,,1,1,19,9,1,6,4,2,2,2,3,24,2,,,,,,1,,,,,,1,,,,
,,,,1,1,18,99,2,1,6,2,2,1,4,6,1,1,,,,1,,,,,,,,,,1,
,1,,,,1,31,9,3,1,7,1,9,9,3,37,1,,,,,,,,,,,,,,,,
,,,,1,1,22,2,2,6,4,7,2,1,2,39,1,1,,,,,,,1,,,,1,,,,1
,,,1,,1,19,9,1,6,4,4,2,1,3,1,1,,,,,,,,,,,,,,,,
,,,1,1,1,54,6,1,3,4,1,1,1,3,12,2,1,,,,,,,,1,,,,,,,1
,,,1,,1,44,2,1,3,3,5,2,1,2,39,2,,,,,,,,,,,,,,,,
,,,1,1,1,33,1,1,6,3,1,1,7,4,4,1,1,,,,1,,,,,,,,,,,
,,,,1,1,19,6,1,1,4,1,2,1,4,8,1,,,1,,,,,,1,,,,,,,1
,,,,1,1,65,8,1,1,4,5,2,1,2,26,1,1,,,,,,,,,,,,,1,,
,,,1,,1,37,2,2,4,6,1,2,1,2,18,2,,,,,,,,,,,,,,,,
,,,1,1,1,52,7,3,1,5,2,2,1,2,26,2,1,,,,,,,,,,,,,,,
,,,,1,1,82,99,2,1,7,3,2,1,1,33,1,1,,,,,,,1,,,,,,,,
,,,1,,1,53,99,3,5,4,5,2,1,2,55,1,,,,,,,,,,,,,,,,
,,,,1,1,80,7,2,1,3,3,2,1,3,24,1,1,,,,1,,,,,,,,,,,
,,1,,,1,25,7,1,6,6,1,2,3,4,6,1,,,,,,,,,,,,,,,,
1,,,,,1,62,7,2,1,4,3,2,1,1,34,1,,,,,,,,,,,,,,,,
,,,,1,1,53,4,1,5,6,3,2,1,3,5,1,1,,,,1,,,,,,,,,,,
,,,,1,1,19,98,2,6,3,2,1,1,3,48,2,,,,,,1,,,1,,1,,,,,1
,,,,1,1,40,9,2,1,6,1,2,3,4,6,2,1,,,,,,,,,,,,,,,
,,,,1,1,75,6,1,1,3,3,2,1,3,47,2,,,,,,1,,,,,,,,,,
,,,1,,1,33,7,2,1,6,1,2,1,4,6,1,,,,,,,,,,,,,,,,
1,,,,,1,55,2,2,6,3,2,2,2,2,29,1,,,,,,,,,,,,,,,,
,,,1,1,1,52,9,1,1,4,2,2,1,2,17,2,1,,,,,,,,,,,,,,,
,,,1,,1,56,7,3,6,6,1,1,1,3,12,2,,,,,,,,,,,,,,,,
,,,1,,1,59,9,1,1,7,1,2,1,3,45,1,,,,,,,,,,,,,,,,
,,,1,,1,24,8,2,2,7,1,2,2,1,42,1,,,,,,,,,,,,,,,,
,1,1,,1,1,33,2,1,3,3,2,2,1,3,12,2,,,,,,,1,,1,1,,,,1,,
,,1,,1,1,40,8,1,1,5,1,8,1,3,45,2,,,,1,,,,,,,,,1,,,
,,,1,1,1,70,6,2,1,6,3,1,1,3,48,2,,,,,,,,,,1,,,,,,
,,,,1,1,47,99,3,1,8,1,2,1,4,41,1,1,,,,1,,,,,,,1,,,,
,,,1,1,1,30,99,8,1,6,1,2,2,3,48,2,,,,1,,,1,,,,,,,,,1
,,,,1,1,31,1,1,2,5,2,2,5,4,6,1,1,,,,,1,,,,,,,,,,
,,,,1,1,47,9,2,1,8,2,2,1,2,27,2,1,,,,1,,,,,,,,,,,
,,,1,1,1,68,9,2,3,3,3,2,1,4,53,1,1,,,,1,,,,,,,1,,,,
,,,1,,1,82,99,1,1,5,3,2,1,2,17,1,,,,,,,,,,,,,,,,
,,1,,,1,66,2,1,5,2,3,2,1,4,41,2,,,,,,,,,,,,,,,,
,,,,1,1,46,9,2,3,6,2,2,1,3,45,2,1,,,1,,,,,,,,,,,,
,,,,1,1,39,1,2,6,2,4,1,4,4,6,2,,,,,,1,,,1,,,,,,,1
,,,,1,1,51,8,2,1,6,5,2,1,2,39,1,1,,,,1,,,,,,,,1,,,
,,,1,1,1,65,6,2,3,6,2,2,1,3,12,2,1,,,,,,,,,,,,1,,,
,,,1,,1,88,7,1,5,4,3,2,1,2,18,2,,,,,,,,,,,,,,,,
,,,,1,1,53,99,2,3,6,1,2,1,1,36,2,1,,,,1,,,,,,,1,,,,
,1,,,1,1,81,6,2,5,6,3,2,1,2,17,1,,1,,,,,,,,,,,,,,
,1,,,,1,64,5,1,1,6,3,2,1,3,37,2,,,,,,,,,,,,,,,,
,,,,1,1,52,8,2,1,6,1,2,1,4,16,1,1,,,,,,,,,,,,,,,1
,,,,1,1,34,3,1,6,2,1,2,1,2,39,1,1,,,,,,,,,,,1,,1,,
,,,1,1,1,49,2,4,1,5,2,2,1,2,39,1,,,,,,1,,,,,,,,,,
,,,,1,1,44,6,2,1,7,2,2,1,3,54,1,,1,,,,,1,,,,,,,,,1
,,,1,,1,70,99,2,1,6,3,2,1,4,4,2,,,,,,,,,,,,,,,,
,,,,1,1,24,1,2,6,2,1,2,2,1,42,1,,,1,,,,,,1,,,,,,,
,,,,1,1,42,9,2,1,7,1,2,3,1,36,2,,,,,,,,,,1,,,,,,
,,,,1,1,36,3,2,3,4,1,2,1,2,39,2,,,1,,,,,,,,,,,,,
1,,,,,1,50,2,2,1,4,4,2,2,2,27,2,,,,,,,,,,,,,,,,
,,,1,1,1,75,6,2,1,6,3,2,1,3,48,2,,,,,,,,,,1,,,,,,1
,,,,1,1,48,3,1,3,8,6,2,1,2,18,1,1,,,,,1,,,,,,,1,,,
,,,,1,1,59,1,2,2,3,4,2,1,3,12,1,1,,,,,,,,,,1,,1,,,
,1,,,,1,26,6,2,6,5,1,2,1,3,12,2,,,,,,,,,,,,,,,,
,,1,,,1,43,2,1,1,5,1,2,1,3,12,2,,,,,,,,,,,,,,,,
,,,,1,1,46,6,2,2,4,1,2,2,4,32,1,1,,,,1,,,,,,,,,,,
1,,,,,1,62,6,1,3,6,1,2,1,2,26,2,,,,,,,,,,,,,,,,
,,,,1,1,34,6,3,1,6,1,2,1,2,20,1,,1,,,,,,1,,,,,,,,
,,,1,,1,26,6,2,1,6,1,2,1,3,13,2,,,,,,,,,,,,,,,,
1,,,,,1,22,4,2,1,4,1,2,1,4,6,1,,,,,,,,,,,,,,,,
,,,,1,1,80,6,2,1,6,3,2,1,2,39,2,1,,,,1,,1,,,,,,1,,,
,,,,1,1,55,3,1,6,6,2,2,1,1,9,1,1,,,,,1,1,,,,,,,,,
,,,,1,1,20,1,2,6,5,1,1,7,4,6,2,,,,,,1,,,,,,,,,,
,,,1,,1,24,6,2,6,3,7,2,2,4,6,1,,,,,,,,,,,,,,,,
,,,,1,1,70,99,1,1,8,3,2,1,4,53,1,1,,,,,,,,,,,,,,,
,,,1,1,1,80,4,1,3,7,3,2,1,3,45,2,1,,,,1,,,,,,,1,,,,
,,,,1,1,18,7,2,6,5,4,1,1,3,12,1,1,,,,,,,,,,,1,,1,,1
,,,,1,1,19,4,1,6,3,1,2,1,1,42,1,1,,,,,,,,,,,1,,,1,
,,,,1,1,59,9,3,1,6,1,2,2,3,24,1,1,,,,1,,,,,,,,,,,
,,,1,,1,29,8,2,1,6,1,2,1,3,5,1,,,,,,,,,,,,,,,,
1,,,,,1,23,98,2,6,3,1,2,1,1,9,2,,,,,,,,,,,,,,,,
,,,,1,1,28,98,1,6,3,1,2,1,3,37,2,,,,,,1,,,,,,,,,,
,,,,1,1,52,5,2,1,6,1,2,2,1,42,2,1,,,,1,,,,,,,,,,,1
,1,,,,1,60,7,2,1,4,1,2,1,3,54,2,,,,,,,,,,,,,,,,
,,,,1,1,36,5,1,1,6,1,2,1,2,29,2,1,,,,1,,,,,,1,,1,,,
,1,,,,1,44,1,1,5,3,4,2,1,4,35,2,,,,,,,,,,,,,,,,
,,,,1,1,71,99,1,1,5,3,2,1,1,23,1,1,,,,1,,,,,,,,,,,
,,,1,1,1,55,9,3,1,6,1,2,1,3,37,2,1,,,,1,,,,,,,,1,1,,
1,,,,,1,26,98,2,6,4,4,1,1,3,48,2,,,,,,,,,,,,,,,,
1,,,,,1,50,8,1,1,7,3,1,1,1,34,2,,,,,,,,,,,,,,,,
,,,,1,1,63,6,1,1,6,2,2,1,3,12,2,1,,,,,,,,,,,,,,,
,,,,1,1,36,4,9,3,5,1,2,1,1,36,1,,,1,,,,,1,,,,,,,,
1,,,,,1,29,7,2,2,7,1,2,2,1,36,1,,,,,,,,,,,,,,,,
,1,,,1,1,56,8,1,3,6,3,2,1,2,29,2,1,,,,1,,,,,,,,1,,,
,,,,1,1,75,4,2,1,3,3,1,1,4,35,2,,,,,,,,,,1,,,,,,
,,,1,,1,84,2,1,5,6,3,2,1,2,19,1,,,,,,,,,,,,,,,,
,,,1,,1,53,2,3,1,2,4,1,7,3,48,2,,,,,,,,,,,,,,,,
,,,,1,1,27,3,3,6,6,4,2,1,4,6,1,1,,,,1,,,,,,,1,,,,
,,,,1,1,65,9,2,1,6,2,2,1,4,15,2,1,,,,,,,,,,,,,,,
,,,,1,1,60,7,2,1,4,1,2,1,2,17,1,1,,,,1,,,,,,,,,,,
,,,,1,1,59,5,2,3,5,8,2,1,1,42,1,,1,,,,,,,,,,,,,,
,,,1,1,1,46,9,2,1,6,1,2,2,3,24,1,1,,,,1,,,,,,,,,,,
,,,,1,1,65,6,2,1,8,3,2,1,3,45,1,1,,,,,,,,,,,,1,,,
,,,,1,1,29,6,2,6,7,1,2,1,4,53,2,1,1,,,1,,,,,,,,,,,1
,,,,1,1,55,99,2,1,6,2,2,1,3,12,2,,,,,,,1,,,,,,1,,,
,,,,1,1,41,8,1,1,3,1,1,1,4,6,1,1,,,,,,,,,,,,,,,
,,,,1,1,40,8,2,1,8,1,2,2,1,36,2,1,,,,1,,,,,,,,1,,,
,,,1,,1,38,8,1,1,6,1,2,1,2,38,2,,,,,,,,,,,,,,,,
,1,,,,1,29,1,4,6,3,4,2,2,2,55,1,,,,,,,,,,,,,,,,
,,1,,,1,65,6,2,1,6,3,2,1,4,2,1,,,,,,,,,,,,,,,,
,,,,1,1,46,9,1,1,6,1,2,1,1,36,1,1,,,,1,,,,,,,,,,,
,,,,1,1,66,6,2,1,5,3,2,1,1,50,2,1,,,,,1,,,,,1,,,,,
,,,,1,1,59,5,1,3,4,1,2,1,3,12,2,,,,1,,,,,,,,,,,,
,,,1,1,1,20,5,1,6,3,1,2,1,2,39,1,,,,,,,1,,,,,,,,,
,,,,1,1,47,8,1,6,7,1,2,1,3,48,1,1,,,,,,,1,,,,,,,,1
,,,1,,1,68,6,2,1,5,3,2,2,2,26,1,,,,,,,,,,,,,,,,
,,,1,,1,19,5,1,6,3,2,2,1,4,8,1,,,,,,,,,,,,,,,,
,,,1,,1,54,9,2,1,7,2,2,1,4,8,2,,,,,,,,,,,,,,,,
1,,,,,1,44,2,2,6,3,2,2,3,3,48,2,,,,,,,,,,,,,,,,
,,,1,,1,41,99,2,1,3,1,2,2,3,48,1,,,,,,,,,,,,,,,,
1,,,,,1,36,1,1,6,3,6,2,1,4,16,1,,,,,,,,,,,,,,,,
,,,,1,1,74,8,2,1,8,3,2,1,2,27,2,1,,,,,,,,,,,,,,,
,1,,1,,1,60,4,2,2,4,3,2,2,4,6,2,,,,,,,,,,,,,,,,
,,,,1,1,25,6,2,1,6,4,1,1,1,25,2,1,,,,1,,,,,,,,,,,
,,,1,,1,62,3,1,1,4,3,2,1,3,12,2,,,,,,,,,,,,,,,,
,,,,1,1,60,99,1,9,3,1,2,1,1,25,2,1,,,,1,,,,,,,,,,,
,,,1,,1,19,8,2,6,3,7,2,3,4,8,1,,,,,,,,,,,,,,,,
,,,1,,1,25,8,2,6,6,1,1,7,3,48,1,,,,,,,,,,,,,,,,
,,,,1,1,23,99,8,6,3,1,2,1,4,41,1,1,,,,,,,,,,,,,,,
,,,,1,1,46,9,2,1,8,1,2,3,4,6,2,1,,,,,,,,,,1,,,,,1
,,,1,,1,18,3,1,6,4,4,1,1,3,48,1,,,,,,,,,,,,,,,,
,,,,1,1,60,5,2,3,2,3,2,1,3,48,1,1,,,1,,,,,,,,,,,,
,,,,1,1,40,9,2,1,8,1,2,1,1,36,2,1,,,,1,,,,,,,,,,,1
,,,1,,1,34,98,2,6,4,1,1,1,3,12,1,,,,,,,,,,,,,,,,
,,,,1,1,66,99,8,1,7,1,1,1,2,26,1,1,,,,1,,,,,,,,,,,
,,,,1,1,36,9,1,1,8,1,2,1,3,12,2,1,,,,,,,,,,,,,,,
,,,1,,1,70,99,1,1,6,8,2,1,3,21,2,,,,,,,,,,,,,,,,
,,,1,,1,55,2,2,6,3,1,2,2,3,48,1,,,,,,,,,,,,,,,,
,,,,1,1,70,3,5,6,7,3,2,3,4,4,1,,,1,,1,,,,,,,,,,,
,,,,1,1,33,9,2,1,7,1,2,1,3,51,1,1,,,,1,,,,,,,,,,,
,,,1,1,1,21,9,2,6,3,4,2,1,3,51,1,1,,,,,,,1,,,,,1,,,
,,,,1,1,74,3,9,1,3,3,2,1,2,26,1,,,,1,,1,,,,,,,1,,,
,,1,,,1,37,6,2,1,3,1,2,1,1,36,1,,,,,,,,,,,,,,,,
,,,,1,1,64,7,3,1,6,3,2,1,4,8,2,,,1,,,,,,1,,,,,,,1
,,,,1,1,87,8,1,5,8,3,2,1,2,26,2,1,,,,,1,,,,,1,,,,,1
,,,,1,1,29,3,1,3,6,1,2,1,2,18,1,1,,,,1,,,,,,,,,,1,
1,,,,,1,68,9,2,1,6,3,2,1,2,17,2,,,,,,,,,,,,,,,,
,,,1,,1,56,8,1,1,6,5,2,1,4,6,2,,,,,,,,,,,,,,,,
,,,1,,1,20,1,2,6,4,2,2,1,4,53,1,,,,,,,,,,,,,,,,
,,,,1,1,19,3,1,6,3,4,1,7,4,4,2,1,,,,,1,,,,,,1,,,,
,,,,1,1,75,2,2,3,3,3,2,2,1,34,1,,,,,,1,,,,,1,,,,,
,1,,,1,1,38,3,2,3,3,1,2,2,3,22,2,,,,,,1,,,,,,,,,,
,,,,1,1,47,7,2,1,8,1,1,7,4,8,1,,,,1,,,,,,,,,,,,
,,,,1,1,21,99,2,6,6,4,2,1,4,6,2,,1,,,,,,,,,,1,,,,
,,,,1,1,32,8,1,1,8,1,2,1,2,38,1,,,,1,,,1,,,,,,,,,
1,,,,,1,53,3,2,1,6,1,1,8,3,12,1,,,,,,,,,,,,,,,,
,,,1,,1,18,7,2,6,4,2,2,1,2,29,1,,,,,,,,,,,,,,,,
,,,,1,1,56,9,1,1,6,4,2,1,4,41,2,1,,,,1,,,,,,,1,,,,
,,,1,,1,62,6,2,1,4,1,1,4,4,6,2,,,,,,,,,,,,,,,,
,,,,1,1,22,3,4,6,5,1,2,1,4,49,1,1,,1,,1,1,,,,,,,1,,,
1,,,,,1,32,2,2,6,4,1,2,2,3,48,1,,,,,,,,,,,,,,,,
,,,,1,1,69,3,1,3,4,3,2,1,3,37,2,1,,,,1,,,,,,,,1,,,
,1,,,1,1,68,6,1,1,5,1,2,2,3,48,2,1,,1,,,1,,1,,,,,,,,
,,,1,,1,37,6,2,1,4,1,2,1,3,47,1,,,,,,,,,,,,,,,,
,,1,,,1,30,1,2,6,3,1,2,2,3,37,1,,,,,,,,,,,,,,,,
,,,,1,1,74,98,2,5,3,4,2,3,4,15,2,1,,,,,,,,,,,,,,,
,,,1,,1,58,6,1,1,3,4,2,1,4,53,2,,,,,,,,,,,,,,,,
,,,1,,1,70,6,1,1,6,2,2,1,3,22,2,,,,,,,,,,,,,,,,
,,,,1,1,63,3,3,3,8,3,2,1,3,12,1,1,,,,1,,,,,,1,,1,1,,
,,,,1,1,60,3,1,3,6,1,2,1,1,36,2,1,,,,,1,1,1,,,,,1,1,,
,,,1,,1,79,3,1,5,6,3,2,1,4,53,2,,,,,,,,,,,,,,,,
1,,,,,1,48,9,2,1,7,1,2,1,4,6,2,,,,,,,,,,,,,,,,
,,,,1,1,45,7,1,1,5,1,2,1,4,53,2,1,,,,,,,1,,,,,1,,,
,,,,1,1,89,99,2,5,8,5,2,1,4,6,2,,,1,,,,,,,,,1,,,,
,,,,1,1,73,6,1,1,4,3,2,1,1,34,2,1,,,,,,,,,,,,,,,1
,,,,1,1,54,8,1,1,3,1,2,1,2,17,1,1,,,,1,,,,,,,,,,,
,1,,,1,1,63,8,1,1,8,5,2,1,3,37,1,1,,,,1,,,,,,1,,1,,,
,,,1,1,1,67,7,1,1,5,3,2,1,3,13,2,1,,,,,,,,,,,1,,,,
,,,,1,1,46,1,2,3,5,2,2,3,4,53,1,1,,,,1,,,,,,1,,,,,
,,,,1,1,62,7,1,1,6,1,2,1,4,6,2,1,,,,,,,,,,,,,,,
,,,,1,1,62,9,2,1,7,3,2,1,3,37,2,1,,,,1,,,,,,,,,,,
,,,,1,1,32,7,2,1,6,1,2,1,3,48,2,,1,,,1,,,,,,,,,,,1
,,,1,1,1,56,7,1,1,6,3,2,1,4,4,2,,,,,,,,,1,,,,,,,
,,,,1,1,99,8,1,1,8,1,2,1,2,29,2,1,,,,1,,,,,,,,,,,
,,,1,,1,20,98,2,6,4,2,2,3,4,6,2,,,,,,,,,,,,,,,,
,,1,,,1,72,9,2,1,6,1,2,1,3,51,1,,,,,,,,,,,,,,,,
,,,,1,1,27,9,2,1,6,1,2,2,4,41,1,1,,,,,1,,,,,,,1,,,
,,,1,,1,51,9,1,1,8,1,2,1,3,48,1,,,,,,,,,,,,,,,,
,,,,1,1,60,6,1,1,5,4,2,5,4,8,1,1,,,,,,,,,,,,1,,,
,,,,1,1,73,4,2,5,6,3,2,1,4,53,2,,,,,,,,,1,,,,,,,
,,,,1,1,51,7,1,1,6,1,2,1,2,39,1,1,,,,,,,,,,,1,,,,
,,,,1,1,33,9,1,1,6,1,2,1,4,4,1,,,1,,,,,,1,,,,,1,,1
,,,,1,1,82,3,1,5,3,4,2,1,3,1,2,1,,,,1,,,,,,1,,,,,
,,,1,1,1,54,9,1,1,6,1,2,1,3,48,1,,,1,,,,,,1,,,,,,,
,1,,1,,1,56,6,1,1,5,3,2,1,1,36,1,,,,,,,,,,,,,,,,
,,,1,,1,18,6,2,6,3,2,2,1,2,26,2,,,,,,,,,,,,,,,,
,,,1,,1,49,99,2,1,6,1,2,1,2,26,2,,,,,,,,,,,,,,,,
,,,,1,1,35,9,2,1,8,1,2,1,1,42,2,1,,,,1,,,,,,,,,,1,
,1,,,,1,27,2,3,6,3,1,2,1,1,23,1,,,,,,,,,,,,,,,,
,,,1,,1,89,8,2,5,4,4,2,1,1,36,2,,,,,,,,,,,,,,,,
,,,,1,1,54,7,2,1,6,1,2,2,1,42,1,1,,,,1,,,,,,,,,,,
,,,,1,1,30,7,2,6,7,4,2,3,3,13,1,1,,,,1,,,,,,1,1,,,,
,,,,1,1,48,9,1,1,3,5,2,2,3,13,2,1,,,,,,,1,,,,,,,,
,,,,1,1,62,8,2,1,6,3,2,2,2,55,1,1,,,,,,,,,,,,,,,
1,,,,,1,79,4,2,1,6,3,1,9,4,6,2,,,,,,,,,,,,,,,,
,,,1,,1,49,2,2,6,5,4,2,2,2,26,1,,,,,,,,,,,,,,,,
,,,,1,1,51,9,2,1,7,2,2,1,1,9,1,1,,,,1,,,,,,,,,,,
,,,1,1,1,46,99,1,1,6,1,2,1,3,1,1,1,,,,1,,,,,,,,,,,
,,,,1,1,40,9,2,1,6,2,2,1,4,6,2,1,,,,1,,,,,,,,,,,
,,,1,,1,21,5,2,6,3,1,2,2,3,48,1,,,,,,,,,,,,,,,,
,,,,1,1,47,9,1,1,6,4,2,1,1,34,2,,,,,,,1,,,,,,,,,
,,,1,,1,68,98,2,1,3,4,2,1,3,24,2,,,,,,,,,,,,,,,,
,,,,1,1,35,5,2,6,5,1,2,2,2,39,2,1,,,,,,1,,,,,1,,,,
,,,,1,1,57,7,1,1,4,1,2,1,3,24,1,1,,,,,,,,,,1,,,,,1
,,,,1,1,70,3,2,3,5,2,2,2,1,34,1,1,,,,,,,1,,,,1,,,,
,,,1,,1,70,4,1,1,7,1,1,1,3,12,1,,,,,,,,,,,,,,,,
,,,1,,1,62,1,2,6,2,3,2,2,2,29,2,,,,,,,,,,,,,,,,
1,,,,,1,66,98,1,1,5,3,2,1,1,42,1,,,,,,,,,,,,,,,,
,1,,1,,1,47,7,3,1,4,1,2,4,4,49,1,,,,,,,,,,,,,,,,
,1,,,,1,33,4,1,1,2,1,2,1,2,18,1,,,,,,,,,,,,,,,,
,,,1,,1,42,1,1,3,5,3,2,1,4,41,1,,,,,,,,,,,,,,,,
,,,,1,1,51,4,2,3,7,2,2,2,3,48,2,,,,,,,1,,,,,,1,,,
,,,1,,1,69,98,2,3,7,3,2,1,3,48,2,,,,,,,,,,,,,,,,
,,,,1,1,52,9,9,1,6,1,2,1,3,13,2,1,,,,1,,,,,,1,,,,,
,,,,1,1,99,99,3,4,6,1,9,9,4,6,1,1,,,,1,,,,,,,1,,,,
,,,,1,1,43,9,9,6,5,99,9,9,3,51,1,1,,,,,,,1,,,,,,,,1
,,,,1,1,46,9,2,1,7,1,2,1,2,27,2,1,,,,1,,,,,,,,,,,
,,,1,1,1,59,8,1,1,7,3,2,1,3,12,2,1,,,,,,,1,,,,,,,,
,,,1,1,1,22,1,3,6,3,4,1,7,3,40,2,,,,,,,1,,,,,,,1,,
,1,,,,1,58,1,2,3,3,4,2,2,3,48,2,,,,,,,,,,,,,,,,
,,,,1,1,54,8,1,1,3,1,2,1,3,12,1,1,,,,,,,,,,,,1,,,
,,,,1,1,48,7,1,1,7,1,2,1,4,6,2,,,,1,,,1,,,,,,,,,1
,,,1,,1,58,3,1,4,2,4,2,2,2,39,1,,,,,,,,,,,,,,,,
,,,1,1,1,47,9,2,1,8,1,2,1,1,42,2,,,1,,,,1,,,,,,,,,
,,,,1,1,63,98,2,6,4,3,1,1,3,12,2,1,,,,,,,,,,,1,,,,
1,,,,,1,26,6,2,2,3,2,2,1,1,42,1,,,,,,,,,,,,,,,,
,,,,1,1,64,7,2,1,6,1,2,1,3,24,1,1,,,,,,,,,,,,,,,
,,,,1,1,23,3,2,2,4,1,2,1,4,6,1,1,,,,1,,,,,,,,,,1,1
,,,,1,1,62,5,2,6,6,1,2,1,1,36,2,1,,,,1,,,,,,,,,,,
,,,1,,1,68,7,3,1,8,3,2,1,1,25,2,,,,,,,,,,,,,,,,
,,,1,,1,60,4,2,3,7,2,2,1,1,42,2,,,,,,,,,,,,,,,,
,,,,1,1,77,7,2,1,4,3,2,1,1,36,1,1,,,,,1,,1,,,,1,,,,
,,,,1,1,36,7,2,2,3,1,2,1,3,24,2,1,,,,1,,,,,,,1,,,,
,,,,1,1,99,6,2,8,7,5,1,7,1,25,1,1,,,,1,,,1,,,,,,,1,
,,,1,,1,43,1,2,4,4,4,1,2,2,17,2,,,,,,,,,,,,,,,,
,,,,1,1,41,8,2,1,3,2,2,2,3,13,1,1,,,,1,,,,,,,1,1,,,
,,,,1,1,72,9,1,1,7,3,2,1,4,6,1,1,,,,1,,,,,,,,1,,,
,,,,1,1,28,9,2,1,7,1,2,1,3,5,1,1,,,,1,,,,,,1,,,,,
,,,,1,1,41,6,1,9,7,1,1,7,4,35,1,1,,,,,,,,,,,,1,,,
,,,,1,1,99,2,9,1,3,2,2,1,2,18,2,1,,,,1,,,,,,,,,,,
,,,,1,1,54,1,2,2,3,2,2,2,2,26,2,,,1,,,,,,1,,,,,,,1
,,,,1,1,56,9,1,1,7,1,2,1,2,39,1,,1,,,,,,,,,,,,,,
,,,,1,1,99,99,9,1,4,2,2,1,2,26,2,1,,,,1,,,,,,,,,,,
,,,1,1,1,19,3,2,6,3,2,2,1,3,22,1,1,,,,,,,,,,,,,,,
,,,,1,1,28,4,2,6,5,4,2,2,2,17,2,,1,,,,,,1,,,,,,,,
,,,,1,1,67,7,1,1,6,2,2,1,3,12,2,,,,1,,1,,,,,,,1,,,
,,1,,,1,52,8,1,1,4,1,2,1,3,48,1,,,,,,,,,,,,,,,,
,,,,1,1,43,1,8,6,3,6,2,1,2,26,1,1,,,,,,,,,,,,,1,,
,,,,1,1,41,8,1,1,1,1,2,9,4,6,1,1,,,,1,,,,,,,,,,,1
,,,,1,1,74,9,1,1,7,3,2,1,3,47,2,,,1,,,,,,,,,,,,,
,,,,1,1,50,6,2,4,3,1,2,2,1,25,1,1,,,,,,,,,,,,,,,
,,,1,1,1,37,6,2,1,6,4,2,2,1,36,2,,,1,,,,,,1,,,,,,,1
,,,1,1,1,70,6,1,1,5,2,2,1,1,42,1,,,,,,,1,,,,,,,,,
,,,1,,1,71,9,1,1,7,3,2,1,3,21,1,,,,,,,,,,,,,,,,
,,,1,,1,24,99,2,6,6,2,2,1,2,39,1,,,,,,,,,,,,,,,,
,,,,1,1,40,3,2,4,1,1,1,7,3,13,1,,,,,,,,,,1,,,,,,
,,,,,1,89,99,9,3,6,3,9,9,4,2,1,,,,,,,,,,,,,,,,
,,,,1,1,70,7,1,1,7,3,2,1,1,42,1,1,,,,,,,,,,1,,,,,
,,,,1,1,67,6,2,1,7,2,2,1,4,49,1,1,,,,,,,,,,,,,,,
,,,1,,1,57,4,2,3,7,1,2,2,1,34,1,,,,,,,,,,,,,,,,
,,,,1,1,63,8,1,1,5,1,2,1,2,29,1,1,,,,,,,,,,,,,,,
,1,,,1,1,54,99,1,1,6,1,2,1,3,48,1,1,,1,,,,,,1,,,,,,,
1,,,,,1,38,9,2,1,8,1,2,1,4,6,2,,,,,,,,,,,,,,,,
,,,1,1,1,68,8,2,1,8,2,2,1,2,20,1,,,,,,1,,,,,,,,,,
,,,,1,1,60,6,1,1,6,1,2,1,2,17,1,1,,,,1,,,,,,,,,,,
,,,1,,1,70,4,2,2,6,3,2,1,4,41,2,,,,,,,,,,,,,,,,
1,,,,,1,77,99,3,5,3,3,2,1,3,51,2,,,,,,,,,,,,,,,,
,,,,1,1,32,1,1,1,4,4,2,1,3,13,2,,,,,,1,,,,,,,,,,
,,,1,,1,53,4,1,1,6,1,2,1,3,48,1,,,,,,,,,,,,,,,,
,1,,,,1,53,8,1,1,3,1,2,1,3,13,1,,,,,,,,,,,,,,,,
,,,,1,1,51,2,1,6,4,4,2,1,1,25,1,,,,,,1,,,,,,,,,,
,,,1,1,1,72,7,2,1,3,3,2,1,3,45,2,1,,,,,,,,,,,,,,,
,,,1,1,1,69,99,2,1,7,1,2,2,2,18,1,,1,1,,,,,,1,,,1,,,,
,,,1,1,1,25,6,2,6,8,1,2,3,3,45,1,,1,,,,,,1,,,,,,,,1
,1,,,,1,65,3,2,2,3,6,9,9,3,24,2,,,,,,,,,,,,,,,,
1,,,,,1,55,6,1,1,4,4,2,1,3,21,1,,,,,,,,,,,,,,,,
,1,,,,1,77,6,1,1,6,3,2,1,2,27,2,,,,,,,,,,,,,,,,
,,,,1,1,21,6,2,6,4,4,2,1,4,8,2,1,,,1,,,,,,,,,1,,,1
,,,1,,1,61,9,2,1,8,1,2,1,1,34,1,,,,,,,,,,,,,,,,
,,,,1,1,67,4,2,3,3,4,2,1,3,47,2,,,,,,,,,1,,,,,,,1
,,,,1,1,28,2,3,4,3,4,2,1,3,47,1,,,,,,,,,,1,,,,,,
1,,,,,1,29,6,2,1,6,1,2,3,1,9,1,,,,,,,,,,,,,,,,
,1,,,,1,22,98,1,6,3,4,2,1,2,27,1,,,,,,,,,,,,,,,,
,,,,1,1,70,4,2,3,6,2,2,1,1,44,2,,,,1,,,,,,,,,,,,
,,,,1,1,43,9,3,1,6,1,2,2,1,34,2,1,,,,1,,,,,,,1,1,,,
,,,,1,1,44,9,1,1,6,1,2,3,2,17,2,,,,1,1,,,,,,,,,,,
,,,1,,1,69,99,1,5,5,3,2,1,2,55,2,,,,,,,,,,,,,,,,
,,,,1,1,29,3,1,4,2,1,1,1,3,12,1,1,,,,,1,,,1,,1,,,,,
,,,,1,1,32,1,3,6,3,2,2,1,3,47,2,1,,,,,1,,,,,,,,1,,
,,,1,1,1,35,9,1,1,6,1,2,1,3,13,1,,,1,,,,,,,,,,,,,
,,,,1,1,45,7,2,1,7,5,2,1,3,37,2,1,,,,,,,1,,,,,,,,1
,,,,1,1,77,99,1,2,3,3,2,1,4,6,1,1,,,,,1,,,,,1,,,1,,
,,,,1,1,62,5,4,1,3,3,2,1,2,26,2,1,,,,,,,,,,,,,,,
,,,,1,1,75,7,1,1,3,1,2,9,1,36,1,,,,1,,,,,,,,,,,,
,,,,1,1,99,98,4,9,3,2,2,1,4,6,1,,,,,,,1,,,,,,,,,
1,,,,,1,50,2,2,3,5,3,1,1,3,48,1,,,,,,,,,,,,,,,,
,,,1,,1,30,3,1,5,5,1,2,1,3,24,2,,,,,,,,,,,,,,,,
,,,1,,1,60,5,1,1,4,6,2,1,2,38,1,,,,,,,,,,,,,,,,
,,,1,,1,18,98,1,1,4,2,1,7,4,6,1,,,,,,,,,,,,,,,,
,,,,1,1,60,8,2,1,3,2,2,1,4,6,2,1,1,,,1,,,,,,,,1,,,
,,,1,,1,25,1,3,6,3,6,2,1,2,17,2,,,,,,,,,,,,,,,,
,,,1,,1,54,5,2,3,3,1,2,2,2,55,2,,,,,,,,,,,,,,,,
,,,,1,1,56,8,2,1,1,1,2,5,3,51,2,1,,,,1,,,,,,,,,,,
,,,,1,1,36,8,1,1,6,2,2,1,4,53,2,1,,,,1,,,,,1,,,,,,
,1,,,,1,57,5,1,2,3,1,2,1,1,9,1,,,,,,,,,,,,,,,,
,,,1,1,1,54,8,2,1,6,5,2,1,1,50,1,,1,,,,,,1,,,,,,,,
,1,,1,1,1,76,7,2,3,7,3,2,2,3,11,2,1,,,,,,,,,,,1,,,,1
,,,,1,1,64,8,2,1,8,1,2,1,2,26,2,1,,,,1,,,,,,,,,,,
1,,,,,1,52,8,2,6,6,1,2,1,2,26,1,,,,,,,,,,,,,,,,
1,,,,,1,53,9,2,1,8,1,2,1,1,42,2,,,,,,,,,,,,,,,,
,,,1,,1,18,98,2,6,4,2,2,2,1,42,1,,,,,,,,,,,,,,,,
,,,,1,1,37,7,1,1,7,1,1,7,3,37,2,,,,,,,1,,,1,,,,,,
,,,,1,1,74,9,1,1,7,5,2,1,2,17,1,,,,,,1,,,,1,1,,1,,,
,,,,1,1,77,6,1,3,3,3,2,1,1,36,1,1,,,,1,,,,,,1,,1,,,
,,,,1,1,22,4,2,2,6,1,2,3,1,25,2,1,,,,1,,,,,,,,1,,,
1,,,,,1,99,99,3,9,7,1,2,9,3,51,1,,,,,,,,,,,,,,,,
,,,,1,1,71,4,1,1,7,3,2,1,3,12,2,,,,,,,1,,,,,,,,,
,,,1,,1,22,7,2,6,3,2,1,7,3,48,1,,,,,,,,,,,,,,,,
,,,,1,1,36,5,1,1,5,4,2,3,3,12,2,,,,1,,,,,,,,,,,,
,,,,1,1,48,8,1,1,5,1,2,1,1,36,1,1,,,,,,,,,,,,,,,
,,,,1,1,47,5,2,4,5,2,1,1,4,6,2,1,,,,,1,,,,,,,,,,
,,,,1,1,34,5,1,1,3,1,1,7,3,48,1,1,,,,,,,,,,,,,,,
,,,,1,1,37,4,2,6,6,5,2,2,1,36,2,1,,,,,,,,,,,,1,,,
,,,1,,1,68,9,2,1,6,3,2,1,4,8,1,,,,,,,,,,,,,,,,
,,,,1,1,46,8,1,1,6,1,2,1,3,13,2,,1,,,,,,,,,,,,,,
,,,,1,1,25,6,2,6,3,1,1,5,1,25,2,1,,,,,,,,,,,,,,,
,,,1,,1,67,6,1,1,6,3,2,1,2,19,1,,,,,,,,,,,,,,,,
,,,,1,1,24,7,2,6,6,1,2,3,3,11,2,1,,,,1,,,,,,,,,,,
,,,1,,1,66,5,2,5,6,1,2,2,3,13,2,,,,,,,,,,,,,,,,
,,,1,1,1,60,9,3,1,6,1,2,1,3,12,1,1,,,,1,,,,,,1,,,,,
,,,,1,1,60,1,2,1,1,1,1,7,3,48,2,1,,,,,,,,,,,,,,,
,,,,1,1,68,7,2,1,8,3,2,1,3,45,1,1,,,,1,,,,,,,,,,1,1
,,,1,,1,56,3,2,6,4,2,2,1,2,55,2,,,,,,,,,,,,,,,,
1,,,,,1,73,98,2,1,2,3,2,1,3,47,2,,,,,,,,,,,,,,,,
,,,1,,1,31,99,2,6,6,2,2,1,4,41,2,,,,,,,,,,,,,,,,
,,,,1,1,28,8,3,2,7,1,2,1,3,12,1,1,,,,,,,1,,,,,,,,1
,,,1,1,1,19,7,1,6,4,7,2,1,2,17,1,1,,,,,,,,,,,,1,,,
,,,1,,1,35,99,9,5,8,5,2,1,2,39,1,,,,,,,,,,,,,,,,
,,,1,,1,23,3,2,6,5,1,2,1,4,6,1,,,,,,,,,,,,,,,,
,,,1,1,1,74,7,2,1,4,3,2,1,1,34,1,,,,,,,,,1,,,,,,,1
1,,,,,1,21,7,2,6,4,4,2,1,3,54,2,,,,,,,,,,,,,,,,
1,,,,,1,93,3,1,5,3,3,2,1,4,6,2,,,,,,,,,,,,,,,,
,,,,1,1,46,3,2,3,4,2,1,1,3,48,2,1,,,,,,,,,,1,,,,,
,,,1,,1,37,3,3,2,3,4,2,1,1,36,2,,,,,,,,,,,,,,,,
,,1,1,,1,52,2,1,3,3,3,2,1,3,1,2,,,,,,,,,,,,,,,,
,,,,1,1,60,7,2,1,6,1,2,2,3,1,1,1,,,,,,,,,,,,,,,
,,,,1,1,58,6,1,1,3,1,2,1,3,51,1,1,,,,,,,,,,,,,,,
,,1,,,1,88,3,1,5,5,3,2,1,3,13,1,,,,,,,,,,,,,,,,
,,,,1,1,64,6,2,1,4,2,2,1,2,26,1,,1,,,,,,,,,,,,,,
1,,,,,1,20,2,1,6,3,1,2,1,2,46,1,,,,,,,,,,,,,,,,
,,,,1,1,33,8,2,1,8,1,2,1,2,17,2,1,,,,,,,1,,,,,,,1,1
1,,,,,1,46,99,2,1,3,1,2,1,1,36,1,,,,,,,,,,,,,,,,
,,,,1,1,41,6,2,1,7,1,2,1,1,33,1,1,,,,1,,,,,,,,,,,
,,,,1,1,36,3,2,6,5,5,2,2,3,22,1,1,,,,,1,,,,,,,,,,
,,,,1,1,85,99,2,1,5,3,2,1,4,53,2,1,,,,1,,,,,,,,,,,
,,,,1,1,85,98,1,1,8,3,2,1,3,48,1,,,,,,1,,,,,,,,,,
,,,,1,1,21,4,1,6,5,1,2,1,3,45,1,1,1,,,1,,,,,,,,,,,
,,,,1,1,35,8,1,1,5,1,2,1,4,41,1,1,,,,1,,,,,,,,1,,,
1,,,,,1,49,7,2,1,4,1,2,2,2,39,2,,,,,,,,,,,,,,,,
,,,1,1,1,74,7,1,1,8,1,1,1,3,10,1,1,,,,,,,,,,,,,,,
1,,,,,1,63,99,2,8,6,3,2,1,4,6,1,,,,,,,,,,,,,,,,
,,,,1,1,29,2,9,2,3,1,2,1,4,30,2,,,,,,,,,,1,,,,,,
,1,,1,1,1,45,7,1,3,6,1,2,4,2,18,2,,,1,1,,,,1,,,,,,,,
,,,1,,1,86,5,2,5,8,3,1,9,1,42,2,,,,,,,,,,,,,,,,
,,,,1,1,52,9,1,1,6,1,2,1,4,53,1,1,,,,,,,,,,,,,,,
,,,,1,1,20,6,1,6,3,2,2,1,4,53,1,1,,,,1,,,,,,,1,,,,
,,,1,,1,39,9,1,1,8,1,2,1,3,48,2,,,,,,,,,,,,,,,,
,1,,,1,1,60,4,1,5,4,3,2,1,3,21,2,1,,,,,,,,,,1,,,,,
,,,1,,1,45,98,8,2,2,6,2,1,4,6,2,,,,,,,,,,,,,,,,
,,,,1,1,80,7,1,1,6,3,2,1,4,4,2,1,,,,1,,,,,,,,,,,
,,,,1,1,72,3,2,5,6,3,2,1,4,16,1,1,,,,,,,1,,,,,,,,
,,,,1,1,27,6,2,6,6,1,2,1,2,55,1,,,,1,,,,,,,,,,,,
,,,,1,1,70,3,2,5,3,3,2,1,3,12,2,1,,,,1,,,,,,,,,,,
,1,,1,1,1,70,98,2,1,6,3,2,1,2,17,2,,,1,,,1,1,,,,,,,,,
,,,,1,1,64,2,2,1,5,3,1,1,2,17,2,1,,,,,1,,,,,,,1,,,
1,,,,,1,47,6,1,1,6,1,2,1,2,26,1,,,,,,,,,,,,,,,,
,,,,1,1,21,8,2,6,4,2,2,1,1,34,1,1,,,,1,,,,,,,,,,,
,,,,1,1,57,99,2,1,7,2,2,1,1,42,2,,,,,,,,,1,,,,,,,1
,,,,1,1,69,8,1,1,5,3,2,1,3,12,1,,,,,,,,,,1,,,,,,1
,,,1,,1,66,3,2,2,4,3,2,1,3,12,1,,,,,,,,,,,,,,,,
,,,1,,1,71,6,1,5,6,3,2,1,4,4,2,,,,,,,,,,,,,,,,
,,,,1,1,24,9,1,6,4,1,2,1,3,47,1,1,,,,1,,,,,,,,1,,,
,,,,1,1,52,9,2,1,6,2,2,1,3,51,2,1,,,,1,,,,,,,,,,,
,,,1,,1,26,1,2,2,6,1,1,1,3,37,2,,,,,,,,,,,,,,,,
,,,1,,1,18,2,2,2,3,4,2,1,4,6,1,,,,,,,,,,,,,,,,
,,,1,1,1,64,7,2,3,6,2,2,1,3,37,2,1,,,,1,,,,,,,,,1,,
,,1,1,,1,46,7,2,3,7,1,2,1,4,8,2,,,,,,,,,,,,,,,,
,,,1,,1,22,8,1,1,3,1,2,1,4,6,1,,,,,,,,,,,,,,,,
,,,1,,1,33,6,1,6,5,1,1,7,3,48,1,,,,,,,,,,,,,,,,
,,,1,,1,66,7,1,6,8,3,2,1,3,48,2,,,,,,,,,,,,,,,,
1,,,,,1,27,2,3,1,4,4,2,1,2,39,1,,,,,,,,,,,,,,,,
,,,1,,1,84,99,2,5,7,3,2,1,4,35,2,,,,,,,,,,,,,,,,
,,,,1,1,61,6,1,1,6,1,2,1,3,37,1,1,,,,1,,,,,,,,,,,
,,,1,1,1,67,8,2,1,8,2,2,1,2,46,1,1,,,,1,,,,,,,,,,,
,,,1,,1,79,4,2,1,4,3,2,1,3,40,1,,,,,,,,,,,,,,,,
,,,,1,1,58,6,1,1,5,2,2,1,3,12,2,1,,,,,,,,1,,1,,,,,1
,,,,1,1,68,4,2,1,5,3,2,2,4,6,1,1,,,,,,,,,,1,,1,,,
,,,,1,1,33,8,2,1,6,1,2,3,4,6,2,1,,,1,1,,,,,,1,,,,,1
,,,,1,1,43,8,1,1,6,1,2,1,2,29,1,1,,,,,,,1,,,,,,,,
,,,,1,1,38,2,1,1,4,1,1,1,1,36,2,,,,,,,,,,1,,,,,,1
,,,1,,1,58,7,2,1,5,4,1,7,3,12,2,,,,,,,,,,,,,,,,
,,,,1,1,84,99,1,5,4,3,2,1,2,18,2,,1,,,,,,1,,,,1,,,,
1,,,,,1,68,2,4,1,6,3,2,1,3,54,2,,,,,,,,,,,,,,,,
,,,,1,1,26,5,1,2,3,2,1,2,3,12,2,,,,,,1,,,,,,,,,,
,,,,1,1,29,3,1,5,3,2,2,1,3,13,2,,,,,,1,,,,,,,,,,
,,,,1,1,70,2,1,3,3,3,2,1,1,34,2,,,,,,,,,,1,1,,,,,
,,,,1,1,19,1,2,6,3,2,1,7,1,36,2,,,,,,1,,,,,1,,,,,
,,,,1,1,55,8,2,1,6,5,2,1,2,39,1,1,,,,1,,,,,,,,,,,
,,,1,,1,55,7,3,3,4,1,2,1,4,6,2,,,,,,,,,,,,,,,,
,1,1,,1,1,23,6,1,6,6,5,2,3,3,47,1,,,1,,,,,,,,,,,,,
,1,,,,1,43,8,1,1,6,2,2,1,3,37,2,,,,,,,,,,,,,,,,
,,,1,,1,30,4,2,6,5,1,1,7,2,18,2,,,,,,,,,,,,,,,,
,,,,1,1,22,7,1,2,6,7,2,1,2,55,1,,,,1,1,,,,,,,,,,,1
,,,1,,1,60,9,2,1,3,1,2,9,1,36,1,,,,,,,,,,,,,,,,
,,,,1,1,29,7,2,1,8,1,2,1,4,49,2,1,,,,1,,,,,,,,,,,
,,,1,1,1,81,7,1,1,8,3,2,1,2,27,1,1,,,1,1,,,,,,,,1,,,
,,,,1,1,62,99,1,1,3,3,2,1,2,39,2,1,,,,,,,,,,,1,,,,
,,,,1,1,31,8,2,1,6,1,2,1,2,29,2,1,,,,1,,,,,,,,,,,
,,,,1,1,32,7,2,1,7,1,1,1,4,6,1,1,,,,1,,,,,,,1,1,,,
,,,,1,1,60,99,3,3,3,1,2,2,3,47,1,,,1,,,,,,1,,,,,,,
,,,1,,1,24,7,2,6,6,7,2,5,3,48,1,,,,,,,,,,,,,,,,
,,,,1,1,63,5,2,1,4,3,2,1,2,18,1,,,,1,,,,,,,,,,,,
,,,,1,1,23,3,2,6,7,1,2,2,3,13,2,,1,,,,,,,,,,,,,,
,,,,1,1,76,6,2,1,7,3,2,1,4,49,1,1,,,,1,,,,,,,,,,,1
,,,,1,1,50,9,2,1,6,1,2,1,2,55,1,1,,,,1,,,,,,,,,,,
,,,,1,1,27,4,2,6,4,2,1,1,3,45,1,1,,,,1,,,,,,,,,,,
,1,,,1,1,68,3,3,5,3,3,2,1,3,13,2,,,,,,,,,1,,,,,,,1
,,,1,1,1,43,8,1,1,5,1,2,1,1,36,2,1,,,,,,,,,,,,,,,
,,,1,,1,64,99,2,1,8,3,2,2,2,39,2,,,,,,,,,,,,,,,,
,,,,1,1,68,3,2,5,3,2,2,2,2,18,1,1,,,,1,,,,,,1,,,,,
,,,1,,1,71,9,2,1,6,3,2,1,4,8,2,,,,,,,,,,,,,,,,
,,,,1,1,46,6,2,1,5,1,2,2,4,6,1,1,,,,,,,1,,,,,,,,
,,,1,,1,54,8,2,1,6,1,2,1,4,6,1,,,,,,,,,,,,,,,,
,,,1,1,1,57,8,2,1,7,1,2,2,3,24,2,,,,,,,1,,,,,1,,,,
1,,,,,1,57,7,1,2,6,3,2,1,2,27,1,,,,,,,,,,,,,,,,
,,,,1,1,62,6,2,1,6,1,2,1,1,25,1,1,,,,,,,1,,,,,,1,,1
1,,,,,1,51,9,1,1,7,1,2,1,2,19,1,,,,,,,,,,,,,,,,
,,1,,1,1,38,8,3,1,3,1,2,1,1,50,1,1,,,,1,,,,,,,1,1,,,
,1,,1,,1,40,1,2,6,4,4,2,1,3,24,2,,,,,,,,,,,,,,,,
,,,,1,1,70,99,2,6,6,3,2,1,4,6,1,1,,,,1,,,,,,,,,,,
,,,,1,1,61,7,1,1,7,1,2,1,4,49,1,1,,,,1,1,,,,,,1,,,,
,,,,1,1,72,7,2,2,7,4,2,1,1,34,2,1,,,,1,,,,,,,,,,,
,,,1,1,1,30,7,2,1,6,4,2,1,4,53,2,1,,,,1,,,,,,1,,1,,,
,,,1,,1,23,9,2,6,6,4,2,1,2,26,1,,,,,,,,,,,,,,,,
1,,,,,1,59,1,2,3,4,2,2,2,3,48,2,,,,,,,,,,,,,,,,
,,,1,,1,44,7,1,1,5,1,2,1,2,26,1,,,,,,,,,,,,,,,,
,,1,,,1,51,4,2,1,3,1,1,7,4,16,1,,,,,,,,,,,,,,,,
,,,1,1,1,29,6,2,6,6,1,1,1,3,51,1,1,,,,1,,,,,,,,1,,,
,,,,1,1,69,99,1,9,6,1,2,1,3,45,1,1,,,,,,1,,,,,,,,,
,,,,1,1,30,3,2,6,3,4,2,2,3,51,2,,,,,,1,,,,,,,,,,
,,,1,,1,31,3,2,6,8,2,2,1,4,6,1,,,,,,,,,,,,,,,,
,,,1,,1,44,1,2,6,4,4,2,2,3,12,2,,,,,,,,,,,,,,,,
,,,,1,1,25,7,2,6,6,1,1,1,3,51,2,1,,,,,,,,,,,,,1,,
,,,,1,1,42,99,1,1,6,1,2,1,2,17,1,1,,,,1,,,,,,,,,,,
,,,,1,1,90,4,1,5,5,3,2,1,3,12,2,1,,,,,,,,,,,,,,,
1,,,,,1,19,7,1,6,4,2,2,1,4,49,1,,,,,,,,,,,,,,,,
,,,,1,1,61,9,2,1,8,1,2,1,4,6,1,1,,,,1,,,,,,,,,,,
,1,,1,1,1,27,7,2,6,8,1,2,1,1,36,1,1,,,,,,,,,,,,,,,
,,,1,,1,61,9,1,1,7,1,2,1,2,19,1,,,,,,,,,,,,,,,,
,,,,1,1,56,6,1,1,3,1,2,1,4,49,1,1,,,,,,,,,,,,,,,
,,,1,,1,26,2,1,2,3,1,2,8,3,40,1,,,,,,,,,,,,,,,,
1,,,,,1,27,5,2,6,6,1,2,2,1,36,1,,,,,,,,,,,,,,,,
,1,,,1,1,55,8,3,1,3,1,2,1,2,29,1,,,,,,1,,,,,,,,,,
,,,,1,1,23,4,2,6,4,1,1,1,4,41,1,1,,,,,,,,,,,,,,,
,,,,1,1,21,98,8,6,3,1,1,7,4,6,1,,,,,,,1,,,,,,,,,
,,,1,1,1,26,5,1,1,6,1,2,1,3,40,2,1,,,,,,,,,,,,,,,
,,,,1,1,39,2,2,3,3,1,2,1,2,18,2,,,,,,1,,,,,,,,,,
,,,,1,1,44,8,1,1,1,1,2,5,3,13,1,1,,,,1,,,,,,,,1,,,
,,,,1,1,70,2,1,3,5,3,1,1,4,6,2,1,,,,,1,,,,,,,1,,,1
,,,,1,1,36,2,2,4,4,4,2,1,3,40,2,1,,,,,,,,,,,,1,,,
,,,,1,1,47,5,2,3,6,1,2,2,2,39,2,1,,,,,1,1,,,,,1,,1,,
,,,1,,1,70,4,2,3,4,3,2,2,3,37,2,,,,,,,,,,,,,,,,
,,,,1,1,59,8,2,1,8,1,2,1,4,6,2,1,,,,,,,1,,,,,,,,
,,,,1,1,18,1,2,6,3,4,2,2,3,13,2,,,,,,1,,,,,,1,,,,
,1,,,,1,83,2,3,5,2,3,2,1,2,39,2,,,,,,,,,,,,,,,,
,,,,,1,88,1,3,5,3,3,2,2,4,6,2,,,,,,,,,,,,,,,,
,1,,,,1,84,8,1,5,6,3,2,1,3,48,1,,,,,,,,,,,,,,,,
,,,,1,1,55,6,1,1,3,1,2,1,3,12,1,1,,,,,,,,,,,,,,,
,,,1,,1,82,5,2,5,6,3,2,1,1,50,2,,,,,,,,,,,,,,,,
,1,,,,1,30,3,1,6,4,1,2,2,2,26,2,,,,,,,,,,,,,,,,
,,,1,,1,74,8,1,5,7,5,2,1,3,37,1,,,,,,,,,,,,,,,,
,,,,1,1,55,1,4,6,3,4,2,2,1,23,1,,1,,,,,,,,,,,,,,
,,,,1,1,25,98,2,6,5,1,2,2,3,48,1,,,,,,,,,,1,1,,,,,
,,,1,,1,22,98,2,6,7,7,2,3,1,36,2,,,,,,,,,,,,,,,,
,,,1,,1,54,2,1,3,4,1,2,1,2,17,2,,,,,,,,,,,,,,,,
,,,,1,1,22,1,1,6,6,7,1,7,2,17,1,,,,1,,,1,,,,,,1,,,
,,,,1,1,27,5,2,6,5,1,2,2,4,4,1,1,,,,1,,,,,,,,,,,
,,,1,,1,50,99,2,1,5,1,1,1,3,12,1,,,,,,,,,,,,,,,,
,,,1,1,1,31,98,4,6,3,4,2,1,1,36,2,,,1,,,,,,1,,,,,,,
,,,1,,1,69,9,2,1,6,3,2,1,3,47,1,,,,,,,,,,,,,,,,
,,,,1,1,57,7,1,1,5,1,2,1,2,55,2,,1,,,,,,,,,,,,,,
,,,,1,1,62,9,1,1,4,1,2,1,1,9,1,1,,,,,,,,,,,,,,,1
,,,,1,1,42,4,2,2,4,1,1,7,4,6,2,,,,1,,,,,,,,,,,,
,,,,1,1,40,4,8,6,3,1,2,1,4,53,1,,1,,,,,,,,,1,,,,,
,,,,1,1,54,99,1,1,6,3,2,2,3,24,2,,,,1,,,,,,,,,,,,
,,,,1,1,60,9,1,1,8,1,2,1,2,26,1,1,,,,,,,,,,,,,,,
1,,,,,1,75,9,3,1,3,5,2,1,1,42,1,,,,,,,,,,,,,,,,
,,,1,1,1,78,8,2,1,3,3,2,1,2,20,1,,,,1,,,,,,,,,,,,
,,,,1,1,99,99,1,1,7,1,9,9,3,48,1,1,,,,,,,1,,,,,,,,
,,,,1,1,50,1,4,6,8,5,2,3,1,36,1,1,,,,,,,1,,,,,,,,
1,,,,,1,52,8,1,1,4,1,2,1,3,48,1,,,,,,,,,,,,,,,,
,,,,1,1,70,6,1,1,6,3,2,1,3,13,2,1,,,,,,,,,,,,1,,,1
,,,,1,1,51,9,2,1,6,1,2,8,4,6,2,1,,,,,,,1,,,1,,,,,1
,1,,,1,1,59,9,2,1,6,1,2,1,2,39,2,1,,1,,,,,,,,,1,,,,1
,,,,1,1,45,1,2,6,6,2,2,1,2,39,1,1,1,,,,,,1,,,,,,,,1
,1,1,,,1,30,1,2,8,3,6,8,2,1,42,1,,,,,,,,,,,,,,,,
,1,,1,1,1,50,1,2,3,5,3,2,1,4,6,2,,,,,,,1,,,,,,,,,
,,,,1,1,65,98,2,5,4,3,2,1,3,48,2,1,,,,,,,,,,,,,,,
,,1,,1,1,41,8,2,1,6,6,2,1,1,42,2,,,,1,,,,,,,,,,,,1
,1,,,1,1,29,6,8,1,4,1,2,1,4,4,1,,,,,,,,,,1,,,,,,
,,,,1,1,27,7,2,2,8,1,2,1,2,17,2,1,,,,1,,,,,,,,,,,1
,,,,1,1,18,7,2,6,3,4,2,2,3,13,1,,1,,,,,,,,,1,,,,,
,,,,1,1,28,8,3,1,6,1,2,1,4,30,2,,,,1,,,,,,,,,,1,,
,1,,,,1,55,3,2,3,5,1,2,2,3,12,1,,,,,,,,,,,,,,,,
,,1,1,,1,72,9,2,1,8,5,2,1,4,6,1,,,,,,,,,,,,,,,,
,,,,1,1,65,6,1,1,4,3,2,9,4,41,2,1,,,,1,,,,,,,1,,,,1
,,,,1,1,29,99,2,6,6,1,2,2,1,25,1,1,,,,,,,,,,1,,,,,
,,,1,,1,29,1,1,6,6,1,2,1,4,6,1,,,,,,,,,,,,,,,,
,,,,1,1,23,4,2,6,6,7,2,1,3,11,1,1,,,,1,,,,,,,,,,,1
,1,,,,1,69,7,1,1,4,3,2,1,3,54,1,,,,,,,,,,,,,,,,
,,,,1,1,64,3,2,3,6,3,2,1,1,44,2,1,,,,,,,,,,,,,,,
,,,1,,1,62,3,1,1,4,6,2,1,2,39,2,,,,,,,,,,,,,,,,
,,,1,,1,68,6,2,3,7,2,2,1,2,27,2,,,,,,,,,,,,,,,,
,,,,1,1,51,5,2,1,3,1,1,7,1,34,1,,,1,,,,,,,,,1,,,,
,,,,1,1,70,7,2,1,8,5,2,1,2,20,1,,,1,,,,,1,,,,,,,1,
,,,1,1,1,51,1,2,5,3,5,2,1,3,48,1,1,,,,1,1,,,,,,,,,,
,,,,1,1,43,9,2,1,7,1,2,1,1,25,1,,1,,,,,,,,,1,,,,,1
,,,,1,1,38,6,3,6,3,1,2,1,2,46,1,1,,,,1,,,,,1,,1,,,,
,,,1,1,1,32,9,1,6,6,1,2,1,3,48,2,1,,,,1,,,,,,1,1,,,,
,,,1,,1,39,3,1,2,6,2,2,8,2,29,2,,,,,,,,,,,,,,,,
,,,,1,1,42,8,2,1,6,2,2,3,3,12,1,,1,,,,,,,,,1,,,,,1
,,,1,1,1,53,2,3,3,5,1,2,1,3,12,2,1,,,,,,,,,,,,,,,
,,,1,,1,27,6,1,6,6,1,2,1,1,36,1,,,,,,,,,,,,,,,,
,,,,1,1,24,6,2,6,6,1,2,1,3,13,1,1,,,,,,,1,,,,,,,,
,1,,,,1,55,3,2,3,4,6,2,2,2,18,1,,,,,,,,,,,,,,,,
1,,,,,1,18,98,1,6,3,4,2,2,3,45,2,,,,,,,,,,,,,,,,
,,,,1,1,32,2,2,6,4,1,1,1,3,48,2,1,,,,,,,,,,,,,,,
,,,,1,1,74,5,1,1,4,3,2,1,1,42,1,,,1,,,,,,,,,,,,,1
,,,1,1,1,59,6,2,1,5,1,2,1,2,17,2,,,1,,,,,,1,,,,,,,
,,,,1,1,50,5,1,1,8,1,2,2,3,37,1,1,,,,1,,,,,,,,,,,
,,,,1,1,67,7,1,3,6,3,2,1,2,39,1,,,,,,1,,,,,,,,,,
,,,,1,1,59,5,1,1,4,3,2,1,2,27,1,,,1,,1,,,,,,,,,,,
,,,,1,1,55,9,2,1,3,1,1,7,4,6,1,,,,,,1,,,,,,,,,,
,,,,1,1,38,7,2,6,6,4,2,1,4,6,2,1,,,,1,,,,,,,,,,,
,,,1,,1,41,9,1,1,6,1,2,1,3,47,1,,,,,,,,,,,,,,,,
,,,,1,1,36,8,1,1,6,1,2,1,2,20,1,,1,,,,,,,,,,,,,,
,,,,1,1,36,8,1,1,8,1,2,1,1,42,2,1,,,,1,,,,,,,,,,,
,,,,1,1,51,3,1,3,3,1,2,1,3,21,2,,,,1,,,,,,,,,,,,
,,,,1,1,43,99,2,9,4,1,2,2,3,24,1,1,,,,1,,,,,,1,,,,,
,,,,1,1,66,8,2,1,8,3,2,1,3,45,1,1,,,,1,,,,,,,1,,,,
1,,,,,1,56,7,1,1,4,8,2,1,2,26,2,,,,,,,,,,,,,,,,
1,,,,,1,52,3,3,1,3,1,2,1,4,41,2,,,,,,,,,,,,,,,,
,,,,1,1,88,98,2,1,3,3,2,1,2,27,2,,,1,,,,,,1,,,,,,,
,,,,1,1,43,8,2,1,7,1,2,1,4,8,1,1,,,,1,,,,,,,,,,,
,,,,1,1,64,6,2,5,6,3,2,1,1,50,1,,,,,,,1,,,,,,,,1,
,,,,1,1,30,3,2,6,6,1,2,1,2,17,1,1,,,,,,,1,,,,,,,,
,,,,1,1,38,8,2,1,7,1,2,1,1,36,1,1,,,,1,,,,,,,,,,,
,,,,1,1,71,9,1,1,6,3,2,1,1,36,1,,,,,,1,,,,,,,,,,
,,,1,,1,56,2,2,3,3,3,2,2,3,48,2,,,,,,,,,,,,,,,,
,,,1,,1,34,9,2,1,6,1,2,3,1,36,1,,,,,,,,,,,,,,,,
,,,,1,1,30,4,2,6,6,1,2,1,2,55,2,1,,,,1,,,,,,,,,,,
,,,,1,1,51,7,1,1,6,1,2,1,4,49,2,1,,,,1,,,,,,,,,,,
,,1,,1,1,25,6,2,6,7,1,2,1,1,44,2,,,,1,,,1,,,,,,,,,
,,1,,,1,50,2,2,3,98,5,2,1,3,12,2,,,,,,,,,,,,,,,,
,,,,1,1,66,5,2,3,6,2,2,1,2,27,2,1,,,,1,,,,,,,,1,,,
,,,1,,1,37,3,2,1,4,1,2,2,2,26,2,,,,,,,,,,,,,,,,
,,,,1,1,26,3,3,1,6,1,2,2,3,5,1,1,,,,,,,,,,,,,,,
,,,1,,1,21,7,1,6,3,2,2,1,3,47,1,,,,,,,,,,,,,,,,
,1,,,1,1,66,8,2,5,8,3,2,1,2,26,2,,,,,,1,,,,,,,1,,,
,,,,1,1,73,3,1,5,3,6,2,1,3,48,2,1,,,,,,,,,,,,,,,
,,,,1,1,20,98,4,6,3,4,1,7,1,36,1,1,,,,,1,,,,,,,,,,
,,,1,1,1,20,1,4,6,6,8,2,2,3,12,1,,,1,,,,,1,,,,,1,,,1
,,,,1,1,47,9,1,1,6,2,2,1,3,37,2,,1,,,,,,,,,,,,,,
,1,,,,1,26,3,2,1,4,1,2,1,3,21,1,,,,,,,,,,,,,,,,
,,,,1,1,34,5,1,6,6,1,2,1,3,22,1,1,,,,,,,,,,,,,,1,
,,,,1,1,46,6,1,1,2,4,2,1,2,17,1,,,,,,1,,,,,,,,,,
,,,,1,1,60,4,2,1,2,1,1,7,3,40,1,1,,,,,,,,,,,,,,,
,,,,1,1,64,4,2,3,5,3,2,1,4,4,2,,,,1,,,,,,,,,,,,
,,,,1,1,61,3,1,2,4,6,2,1,3,54,1,1,,,,,,1,,,,,,,,,
,,,,1,1,25,2,3,6,4,2,9,9,4,8,1,1,,,,1,,,,,,,,,,1,
,,,1,,1,99,99,2,2,4,1,1,1,2,27,1,,,,,,,,,,,,,,,,
,,,,1,1,22,1,4,6,4,2,9,8,1,36,2,1,,,,,,,,,,,,,,,
,,,1,,1,65,99,2,3,6,1,2,2,3,54,1,,,,,,,,,,,,,,,,
,,,1,,1,62,9,1,1,7,1,2,1,2,29,1,,,,,,,,,,,,,,,,
,,,,1,1,65,3,2,6,5,3,2,1,3,47,1,,,,,,,,,1,,,,,,,
,,,,1,1,62,3,2,2,4,3,2,1,4,49,1,,,,,,,,,,1,,,1,,,
,,,,1,1,65,6,3,1,7,3,2,1,3,21,1,1,,,,1,,,,,,,1,,,,
1,,,,,1,59,8,2,1,8,1,2,1,4,53,1,,,,,,,,,,,,,,,,
,,,,1,1,55,6,2,1,3,1,2,2,3,24,1,1,,,,1,,,,,,,,1,,,
,,,1,1,1,35,2,2,3,4,1,2,1,1,36,2,1,,,,1,,,,,,,,,,,
,,,,,1,37,7,2,1,7,1,2,1,4,8,1,,,,,,,,,,,,,,,,
,,,,1,1,52,9,2,1,6,1,2,2,1,42,1,1,,,,,,,,,,,1,,,,
,,,1,1,1,56,8,2,4,8,1,9,9,2,27,1,,,1,,,,,1,1,,,,,,,
,,,,1,1,71,5,2,5,6,3,2,1,4,6,2,,,1,,,,,,1,,,,,,,1
,,,,1,1,71,8,1,1,6,3,2,1,4,8,1,1,,,,1,,,,1,,,,,,,
,,1,,,1,50,5,3,5,6,1,2,1,1,9,2,,,,,,,,,,,,,,,,
,,,,1,1,66,9,1,1,4,3,2,1,3,12,1,1,,,,,,,,,,,,,,,
,,,,1,1,69,2,2,6,8,3,2,1,1,36,2,,,,,,1,,,,,,,1,,,
,,,,1,1,38,9,3,1,7,1,2,1,3,48,1,1,,,,1,,,,,,,,,,,
,,,1,,1,74,2,2,5,2,3,2,2,1,42,2,,,,,,,,,,,,,,,,
,,1,,,1,60,1,2,3,5,6,2,1,3,13,1,,,,,,,,,,,,,,,,
,,,,1,1,46,4,1,6,4,1,2,1,2,27,1,,,,,,1,,,,,,1,,,,
,,,,1,1,30,7,2,1,6,1,2,1,1,50,1,,1,,,1,,,,,,,,,,,
,,,,1,1,24,5,1,1,6,2,2,1,4,53,2,1,,,,1,,,,,,,,1,,,
,,,,1,1,51,1,1,6,3,5,2,1,3,37,1,,,,1,,,,,,,,,,,,
,,,,1,1,47,3,2,2,2,4,1,1,3,51,1,,,,,,1,,,,,,,,,,
,,,,1,1,36,5,2,6,5,1,2,1,3,21,1,1,,,,,1,,,,,,,,,,
,,,1,,1,18,4,1,6,3,1,2,1,3,1,1,,,,,,,,,,,,,,,,
,,,,1,1,50,99,3,1,6,1,2,9,3,48,1,1,,,,,,,1,,,,,,,,
1,,,,,1,69,8,2,1,7,1,2,1,3,48,1,,,,,,,,,,,,,,,,
,,,1,,1,18,4,2,6,3,2,2,1,4,56,2,,,,,,,,,,,,,,,,
,,1,,,1,32,6,2,6,7,1,2,1,4,49,1,,,,,,,,,,,,,,,,
,,,,1,1,27,7,4,6,2,1,2,1,2,29,1,,,,,,,,,,1,,,,,,1
,,,1,,1,70,3,1,3,5,3,2,1,3,21,1,,,,,,,,,,,,,,,,
,,,,1,1,37,7,2,6,6,1,2,1,2,27,1,1,,,,1,,,,,,,,,,,
,,,,1,1,66,3,2,1,1,3,1,7,1,34,2,,,,,,,,,1,,1,,,,,1
,,,1,,1,46,7,1,1,5,1,2,1,1,42,1,,,,,,,,,,,,,,,,
,,,,1,1,55,6,2,1,8,2,2,1,4,49,2,1,,,,,,,,,,,,,,,
,,,1,,1,49,6,1,2,3,2,2,1,1,36,2,,,,,,,,,,,,,,,,
,,,1,1,1,35,5,3,1,3,4,2,2,3,12,2,,1,,,,,,1,,,,,,,,1
,,,,1,1,45,3,2,3,6,1,2,1,4,6,2,1,,,,1,,,,,,,1,,,,
,,,,1,1,75,99,1,5,3,3,2,1,2,39,2,,,,1,,,,,,,,,,,,
,,,1,,1,19,98,4,2,4,2,2,2,1,36,2,,,,,,,,,,,,,,,,
1,,,,,1,54,5,2,6,2,3,1,7,4,6,1,,,,,,,,,,,,,,,,
,,,,1,1,22,1,2,6,3,2,2,1,2,26,2,,,,1,,,,,,,,,,,,
,1,,,,1,23,9,2,2,3,3,2,2,4,6,1,,,,,,,,,,,,,,,,
1,,,,,1,58,3,2,1,3,1,2,2,3,28,1,,,,,,,,,,,,,,,,
,,,1,,1,48,9,1,1,6,3,2,1,4,6,1,,,,,,,,,,,,,,,,
,,,,1,1,52,5,3,1,6,1,2,1,2,17,2,1,,,1,,,,,,,,,,,,
,,,,1,1,32,99,2,2,6,1,2,1,1,36,1,1,,,,1,,,,,,,,,,,
,,,1,,1,99,99,9,9,99,99,9,9,3,13,1,,,,,,,,,,,,,,,,
,,,1,,1,66,6,1,1,3,1,2,1,1,42,2,,,,,,,,,,,,,,,,
,,,1,,1,34,8,2,1,3,1,1,1,4,41,2,,,,,,,,,,,,,,,,
,1,,,,1,65,99,2,5,4,3,2,1,3,37,2,,,,,,,,,,,,,,,,
,,,,1,1,67,99,1,3,99,3,2,1,3,13,2,,,,,,1,,,,,,,,,,
1,,,,,1,71,9,1,1,8,3,2,1,3,51,1,,,,,,,,,,,,,,,,
,,,,1,1,67,9,2,4,4,1,1,7,1,36,2,1,,,,,,,1,,,,,,,,1
,1,,,1,1,40,3,2,6,7,4,2,2,3,12,2,,,1,,,,,,,,,,,,,
,,1,,,1,26,5,2,6,6,1,1,7,3,51,2,,,,,,,,,,,,,,,,
,,,1,1,1,57,8,2,1,6,1,2,1,1,36,1,,,1,,1,,,,,,,1,,,,
,,,,1,1,63,9,2,1,6,1,2,1,1,34,1,1,,,,,,,1,,,,,,,,
,1,1,1,1,1,28,5,2,6,7,1,2,1,3,12,2,,,,1,,,1,,,,,,,,,
,,,,1,1,60,8,1,1,6,1,2,1,4,49,1,1,,,,1,,,,,,1,1,,,,
,,,,1,1,57,8,2,1,3,1,2,1,3,5,2,1,,,,1,,,,,,,1,,,,
,,,,1,1,40,8,2,1,8,1,2,1,4,8,2,1,,,,,,,,,,,,,,,
,,,,1,1,71,98,1,5,3,3,2,1,1,36,1,1,,,,,,,,,,,,,,,
,,,,1,1,25,4,2,1,6,1,2,1,4,49,1,1,,,,,,,1,,,,,,,,
,,,,1,1,31,9,2,6,6,1,2,2,1,36,1,1,,,,1,,,,,,,,,,,1
,,1,,1,1,29,6,2,6,8,1,2,1,1,42,2,,1,,,,,,,,,,,1,1,,1
,,,1,,1,31,99,2,1,6,1,2,1,3,48,1,,,,,,,,,,,,,,,,
,,,,1,1,55,4,2,1,7,3,2,2,3,1,2,1,,,,1,,,,,,,,,,,
,,,,1,1,81,6,2,1,6,3,2,1,2,55,2,,,,,,1,,,,,,,,,,1
,,,,1,1,35,4,2,3,5,1,2,1,1,34,2,1,,,,1,,,,1,,,,,,,
1,,,,,1,66,3,2,1,3,3,2,1,4,6,2,,,,,,,,,,,,,,,,
,,,1,,1,67,99,1,1,3,3,2,1,2,55,2,,,,,,,,,,,,,,,,
,,,,1,1,66,7,2,1,5,3,2,1,2,29,1,1,,,,,,,,,,,,,1,,
,,,,1,1,55,6,2,6,7,1,2,2,3,37,1,1,,,,,,,,,,,,,,,
1,,,,,1,40,8,2,1,6,1,2,1,4,53,1,,,,,,,,,,,,,,,,
,,,,1,1,73,99,2,5,3,2,2,2,3,11,2,,1,,,,,,,,,,,,,,
,,,1,,1,39,8,3,1,7,1,2,1,1,42,2,,,,,,,,,,,,,,,,
,1,,1,,1,44,2,2,2,3,2,2,1,4,35,1,,,,,,,,,,,,,,,,
,1,,,,1,67,4,1,3,3,5,2,1,2,20,1,,,,,,,,,,,,,,,,
,,,,1,1,71,3,2,6,4,3,2,1,4,6,2,1,,,,,1,,,,,1,,,,,
,,,,1,1,47,8,2,6,6,1,2,2,4,6,2,1,,,1,,,1,,,,,,,,,
,,,,1,1,21,3,2,6,5,2,2,1,4,53,1,1,,,,,,,,,,,,,,1,
,,,,1,1,47,9,2,3,7,1,2,1,3,48,2,1,,,,1,,,,,,,,,,,
,,,1,,1,78,2,2,3,6,3,2,1,3,12,2,,,,,,,,,,,,,,,,
1,,,,,1,99,99,2,9,5,99,9,9,2,39,1,,,,,,,,,,,,,,,,
,,,,1,1,63,2,1,3,3,3,2,2,3,13,2,1,,,,1,,,,,,,,,,,
,,,,1,1,36,8,2,3,6,1,2,1,2,27,1,1,,,,,,,1,,,,,,,1,
,1,,,1,1,54,3,2,1,3,4,2,2,2,26,2,1,,,,,1,,,,,,,,,,
,,,,1,1,49,7,2,1,8,1,2,1,3,1,2,,1,,,,,,,,,,,,,,
,,,,1,1,82,6,1,2,6,5,2,1,4,49,1,1,1,,,1,,,,,,,,,,,
,,,,1,1,67,9,2,1,7,1,2,1,4,6,1,1,,,,1,,,1,,,,,1,,,
,,,1,,1,34,7,2,1,4,1,2,1,4,15,1,,,,,,,,,,,,,,,,
1,,,,,1,58,6,2,3,7,3,2,2,3,48,1,,,,,,,,,,,,,,,,
,,,1,,1,50,1,2,6,1,4,2,1,3,22,1,,,,,,,,,,,,,,,,
,,,1,1,1,48,7,1,1,4,2,2,1,1,42,2,1,,,,,,,1,,,,1,,,,
,,,,1,1,55,9,2,1,8,4,2,1,1,42,2,1,,,,,1,,,,,,,,,,
,,,1,,1,63,8,2,1,6,2,2,2,3,45,1,,,,,,,,,,,,,,,,
,,1,1,,1,50,6,2,2,6,1,2,2,3,37,1,,,,,,,,,,,,,,,,
,,1,,1,1,49,3,1,5,3,1,2,2,3,48,2,1,,,,,,,,,,,,,,,
,,,1,,1,41,8,3,1,4,1,2,1,4,32,2,,,,,,,,,,,,,,,,
,,,1,1,1,57,8,1,1,6,4,2,1,3,48,2,,,,,,,,,,1,1,,,,,
,,,,1,1,58,6,1,1,4,1,2,1,3,13,1,1,,,,,,,,,,,,,1,,
,,,,1,1,65,2,1,1,7,3,2,1,3,51,1,1,,,,,1,,,,,,,,,,
,,,,1,1,29,3,1,1,8,1,2,1,3,12,1,1,,,,,1,,1,,,,,,,,
,,,1,1,1,51,9,1,1,6,2,2,1,3,13,2,1,,,,,,,,,,,1,,,,
1,,,,,1,80,8,4,5,7,3,2,9,3,12,1,,,,,,,,,,,,,,,,
,,,,1,1,50,99,9,3,4,1,2,3,3,22,1,1,,,,,,,,,,1,,,,,
,1,,,,1,83,99,2,5,8,3,2,1,4,6,1,,,,,,,,,,,,,,,,
,,,,1,1,54,9,2,1,6,1,2,1,1,36,1,1,,,,1,,,,,,,,,,,
,,,,1,1,22,9,1,6,4,7,1,1,3,13,2,1,,,,1,,,,,,1,,,1,,1
,,,,1,1,27,3,2,6,6,1,1,7,4,6,2,1,,,,,,,,,,,,,,,
,,,1,,1,63,7,3,1,6,3,2,1,2,19,1,,,,,,,,,,,,,,,,
,,,,1,1,41,5,2,1,6,2,2,1,3,21,2,1,,,1,,,,,,,,,,,,
,,,,1,1,58,99,1,1,5,1,2,1,1,36,2,1,,,,,,,,,,,1,,,,
,,,,1,1,29,3,2,1,5,1,1,1,4,6,1,,,,,,1,,,,,,1,,,,
,,,,1,1,24,6,2,6,6,1,2,3,4,6,1,1,,,,1,,,,,,,,,,,
,,,,1,1,29,6,4,6,4,1,2,1,1,23,1,,,,,,1,,,,,,,,,,
1,,,,,1,59,1,2,1,2,6,1,1,4,4,1,,,,,,,,,,,,,,,,
,,,,1,1,61,2,1,4,5,6,2,1,1,25,2,,,1,,,,,,1,,,,,,,1
,,,,1,1,39,8,1,1,5,1,2,1,4,41,2,,1,,,,,,,,,1,,,,,
1,,,,,1,32,2,1,1,3,1,2,1,2,18,2,,,,,,,,,,,,,,,,
,1,,,,1,63,7,3,1,5,3,2,1,1,36,2,,,,,,,,,,,,,,,,
,,,,1,1,66,2,2,1,4,3,1,1,3,13,1,1,,,,,,,,,,1,,,,,
,,,,1,1,43,8,4,3,3,1,2,1,1,42,1,1,,,1,1,,,,,,1,,,,,
,,,,1,1,30,99,9,9,99,99,9,9,4,6,2,1,,,,1,,,,,,,,1,,,
,,,1,,1,53,9,2,1,7,5,2,1,4,15,1,,,,,,,,,,,,,,,,
,,,,1,1,66,9,1,1,7,3,2,1,4,15,2,,,,1,1,,,,,,1,,,,,
1,,,,,1,63,6,1,1,6,5,2,1,3,21,1,,,,,,,,,,,,,,,,
,,,,1,1,74,4,1,2,6,3,2,1,4,35,1,,,,,,,,,,,,,,1,,1
,,,,1,1,70,6,2,3,6,3,2,1,2,20,2,1,,,,1,,,,,,,,,,,
,,,1,,1,37,3,3,4,1,2,1,3,2,18,2,,,,,,,,,,,,,,,,
,,,,1,1,49,9,1,1,5,1,2,1,3,1,1,,1,,,,,,,,,,,,,,
1,,,,,1,84,99,4,5,4,3,2,2,3,12,1,,,,,,,,,,,,,,,,
,,,,1,1,45,8,1,1,5,5,2,2,3,48,1,1,,,,,,,1,,,,,,,1,
,,,,1,1,31,7,2,2,7,1,2,1,1,25,1,1,,,,1,,,,,,,,,,,
1,,,,,1,18,8,1,6,2,2,2,1,1,42,1,,,,,,,,,,,,,,,,
,,,,1,1,62,3,2,5,3,1,2,2,3,12,2,1,,,,,,,,,,,,,,,
,,,1,1,1,63,7,2,1,7,1,2,1,3,37,1,1,,,,1,,,,,,,,,,,
1,,,,,1,52,9,1,3,6,5,2,1,3,24,1,,,,,,,,,,,,,,,,
,,,1,,1,29,3,2,6,4,4,2,2,1,36,2,,,,,,,,,,,,,,,,
,,,,1,1,56,8,2,1,8,1,2,1,2,17,2,1,,,,1,,,,,,,,,,,
1,,,,,1,80,7,2,1,6,3,2,1,1,50,2,,,,,,,,,,,,,,,,
,1,,,1,1,42,4,1,6,7,7,1,1,4,6,1,,,1,,,1,,,,,,,,,,
,,,,1,1,27,7,1,2,5,1,2,1,1,42,2,,,,,,1,,,,,,,1,,,
,,1,,,1,76,6,1,1,4,3,2,1,3,48,1,,,,,,,,,,,,,,,,
1,,,,,1,75,3,4,3,2,1,2,5,3,13,1,,,,,,,,,,,,,,,,
,,,,1,1,21,7,1,6,4,1,2,1,4,4,2,,,,,,,,,1,,,,,,,
,,,1,,1,60,4,1,1,5,3,2,1,2,55,1,,,,,,,,,,,,,,,,
,,,1,1,1,74,8,2,1,7,2,2,1,1,36,2,,1,,,,,,,,,,,,,,
,,,1,,1,29,2,2,6,5,2,1,7,1,36,1,,,,,,,,,,,,,,,,
,,,1,,1,30,1,2,1,6,5,2,1,4,41,1,,,,,,,,,,,,,,,,
,,,,1,1,40,4,2,6,3,1,1,1,4,6,1,,,,,,,,,1,,,,,,,
,,,1,,1,53,9,2,1,8,2,2,1,3,21,1,,,,,,,,,,,,,,,,
,,,1,,1,50,4,1,1,2,1,1,1,3,12,1,,,,,,,,,,,,,,,,
,,,1,,1,61,99,2,1,6,1,2,1,3,37,2,,,,,,,,,,,,,,,,
,,1,,1,1,35,3,2,1,4,2,2,1,3,5,2,,,,1,,,1,,,,,,,,,
,,,,1,1,42,99,1,1,6,1,1,1,3,48,1,,1,,,,,,1,,,,,,,,
,,1,1,,1,32,9,2,1,6,1,2,1,4,6,1,,,,,,,,,,,,,,,,
,,,,1,1,34,7,2,1,8,1,2,1,2,17,1,1,,,,,,,,,,,,,,,
,,,,1,1,21,98,4,6,3,4,2,2,2,27,1,,,,1,,,,,,,,,,,,
,,,1,,1,30,98,8,6,4,4,1,7,3,51,1,,,,,,,,,,,,,,,,
,,,,1,1,34,99,2,1,6,1,2,1,4,6,2,1,,,,1,,,,,,1,,1,,,
,,,1,1,1,28,8,3,6,7,1,2,3,4,6,1,1,,,,1,,,,,,,,1,,,
1,,,,,1,23,98,2,6,5,2,2,2,3,48,1,,,,,,,,,,,,,,,,
,,,,1,1,75,8,1,1,2,3,2,1,4,32,1,1,,,,,,,,,,1,,,,,1
,,,,1,1,52,7,2,1,4,1,2,1,2,55,1,1,,,,,,,,,,,,,,,1
,,,,1,1,36,8,1,1,8,1,2,1,3,51,2,1,,,,1,,,,,,,,,,,
,,,1,,1,69,9,3,1,7,1,2,1,3,13,1,,,,,,,,,,,,,,,,
,,,,1,1,80,6,1,1,6,3,2,1,2,29,2,1,,,,1,,,,,,,1,,,,
,,,,1,1,19,99,9,6,4,1,2,2,3,47,2,,,,,,1,,,,,,,,,,
,,,1,,1,33,1,2,6,4,4,2,1,3,48,2,,,,,,,,,,,,,,,,
1,,,,,1,67,9,2,1,6,2,2,1,2,55,1,,,,,,,,,,,,,,,,
,,,,1,1,69,99,9,1,5,3,2,1,3,12,2,1,,,,,,,,,,,,1,,,
,1,,,,1,34,2,2,6,4,2,2,1,2,27,2,,,,,,,,,,,,,,,,
,,,,1,1,67,9,1,1,7,1,9,9,4,6,1,1,,,,1,,,,,,,,,,,
,,,,1,1,33,9,2,1,6,1,2,1,4,53,1,1,,,,1,,,,,,,,,,,
,,,1,,1,64,5,3,5,4,1,2,1,3,48,1,,,,,,,,,,,,,,,,
,,,,1,1,60,9,1,1,5,1,2,2,3,12,2,1,,,,1,,,,,,,,1,,,
,,,,1,1,64,2,2,6,4,3,2,2,3,45,2,,,,,,,,,1,,,,,,,
1,,,,,1,51,9,2,1,6,1,2,1,2,17,2,,,,,,,,,,,,,,,,
,,,1,,1,37,4,2,2,6,1,2,3,4,53,1,,,,,,,,,,,,,,,,
,,,,1,1,51,9,2,1,8,2,2,1,4,41,2,1,,,,1,,,,,,,1,,,,
,,,,1,1,36,1,1,4,3,6,2,1,3,47,1,,,,1,,,,,,,,,,,,
,1,,,,1,73,5,2,1,5,3,2,1,1,36,2,,,,,,,,,,,,,,,,
,,,1,,1,27,6,2,1,4,1,2,1,3,13,1,,,,,,,,,,,,,,,,
,1,,,1,1,31,2,1,1,4,1,1,7,4,6,1,,,,1,,,,,,1,,,,,,
,,,,1,1,61,7,2,1,7,3,1,7,3,37,1,1,,,,,,,,,,,,,,,
,,,,1,1,40,6,2,6,8,1,2,2,1,36,2,1,,,,1,,,,,,,,,,,
,,,,1,1,67,7,2,1,3,3,2,1,3,51,2,,,,,,1,,,,,,1,,,,
,,,,1,1,70,8,1,5,8,3,2,1,3,13,1,1,,,,,,,1,,,,,,1,,
,,,,1,1,80,9,1,1,8,3,2,1,4,6,1,1,,,,1,,,,,,,,,,,
,,,1,,1,68,4,1,1,8,3,2,1,3,45,1,,,,,,,,,,,,,,,,
,,,1,,1,52,7,1,6,4,1,1,7,3,40,1,,,,,,,,,,,,,,,,
,,,1,,1,66,99,2,1,6,3,2,1,3,5,1,,,,,,,,,,,,,,,,
,,,1,1,1,45,7,2,6,8,1,2,2,3,24,1,1,,,,1,,,,,,,,,,,
,,,1,,1,46,9,1,1,8,1,2,3,2,39,1,,,,,,,,,,,,,,,,
,,,1,,1,19,7,2,6,3,4,2,1,3,51,1,,,,,,,,,,,,,,,,
,,,,1,1,36,99,2,1,6,1,2,3,2,17,1,1,,,,1,,,,,,,,,,,
,,,,1,1,67,9,1,1,8,3,2,1,2,39,1,1,,,,,,,,,,,1,,,,
,,1,,1,1,28,6,2,2,7,4,2,1,4,6,2,,,,1,,,,,,,,,,,,
1,,,,,1,20,6,2,6,2,4,2,2,4,8,1,,,,,,,,,,,,,,,,
,,,,1,1,27,6,2,2,6,1,2,2,1,36,2,,,,,,,1,,1,,,,1,,,1
,,,1,1,1,34,2,3,1,6,2,2,9,1,9,2,1,,,,,,,1,,,,,,,,
,,,,1,1,19,98,1,6,4,2,2,1,1,36,1,1,,,,,,,,,,,1,,,,
,,,,1,1,45,9,2,1,6,1,2,1,2,39,1,,,,1,,,,,,,,,,,,
,,,,1,1,23,2,2,6,3,1,1,2,3,48,2,,,,,,1,,,,,,,,,,
,,,,1,1,30,1,1,6,2,4,2,2,1,36,2,1,,,,1,,,,,,,,,,,
,,,,1,1,66,6,1,1,4,3,2,1,2,55,2,,,,,,,,,1,,,,,,,
,,,,,,,,,,,,,,1,42,1,,,,,,,,,,,,,,,,
,,,,,,,,,,,,,,4,6,2,,,,,,,,,,,,,,,,
,,,,,,,,,,,,,,3,24,2,,,,,,,,,,,,,,,,
,,,,,,,,,,,,,,2,26,2,,,,,,,,,,,,,,,,
,,,,,,,,,,,,,,4,41,2,,,,,,,,,,,,,,,,
,,,,,,,,,,,,,,4,6,1,,,,,,,,,,,,,,,,
,,,,,,,,,,,,,,4,6,2,,,,,,,,,,,,,,,,
,,,,,,,,,,,,,,2,20,1,,,,,,,,,,,,,,,,
,,,,,,,,,,,,,,4,6,2,,,,,,,,,,,,,,,,
,,,,,,,,,,,,,,3,48,1,,,,,,,,,,,,,,,,
,,,,,,,,,,,,,,3,45,1,,,,,,,,,,,,,,,,
,,,,,,,,,,,,,,2,29,1,,,,,,,,,,,,,,,,
,,,,,,,,,,,,,,1,33,2,,,,,,,,,,,,,,,,
,,,,,,,,,,,,,,4,6,1,,,,,,,,,,,,,,,,
,,,,,,,,,,,,,,3,45,1,,,,,,,,,,,,,,,,
,,,,,,,,,,,,,,3,48,2,,,,,,,,,,,,,,,,
,,,,,,,,,,,,,,2,27,1,,,,,,,,,,,,,,,,
,,,,,,,,,,,,,,3,48,1,,,,,,,,,,,,,,,,
,,,,,,,,,,,,,,2,17,1,,,,,,,,,,,,,,,,
,,,,,,,,,,,,,,4,6,1,,,,,,,,,,,,,,,,
,,,,,,,,,,,,,,1,36,2,,,,,,,,,,,,,,,,
,,,,,,,,,,,,,,1,36,2,,,,,,,,,,,,,,,,
,,,,,,,,,,,,,,3,45,2,,,,,,,,,,,,,,,,
,,,,,,,,,,,,,,3,12,1,,,,,,,,,,,,,,,,
,,,,,,,,,,,,,,3,37,2,,,,,,,,,,,,,,,,
,,,,,,,,,,,,,,3,5,2,,,,,,,,,,,,,,,,
,,,,,,,,,,,,,,4,41,1,,,,,,,,,,,,,,,,
,,,,,,,,,,,,,,1,9,2,,,,,,,,,,,,,,,,
,,,,,,,,,,,,,,4,6,1,,,,,,,,,,,,,,,,
,,,,,,,,,,,,,,4,6,2,,,,,,,,,,,,,,,,
,,,,,,,,,,,,,,3,12,2,,,,,,,,,,,,,,,,
,,,,,,,,,,,,,,2,55,1,,,,,,,,,,,,,,,,
,,,,,,,,,,,,,,3,12,1,,,,,,,,,,,,,,,,
,,,,,,,,,,,,,,1,42,1,,,,,,,,,,,,,,,,
,,,,,,,,,,,,,,2,20,2,,,,,,,,,,,,,,,,
,,,,,,,,,,,,,,2,17,1,,,,,,,,,,,,,,,,
,,,,,,,,,,,,,,4,4,2,,,,,,,,,,,,,,,,
,,,,,,,,,,,,,,3,13,1,,,,,,,,,,,,,,,,
,,,,,,,,,,,,,,3,13,2,,,,,,,,,,,,,,,,
,,,,,,,,,,,,,,3,45,2,,,,,,,,,,,,,,,,
,,,,,,,,,,,,,,3,48,1,,,,,,,,,,,,,,,,
,,,,,,,,,,,,,,4,6,2,,,,,,,,,,,,,,,,
,,,,,,,,,,,,,,1,42,1,,,,,,,,,,,,,,,,
,,,,,,,,,,,,,,3,48,2,,,,,,,,,,,,,,,,
,,,,,,,,,,,,,,2,26,2,,,,,,,,,,,,,,,,
,,,,,,,,,,,,,,3,48,1,,,,,,,,,,,,,,,,
,,,,,,,,,,,,,,1,42,2,,,,,,,,,,,,,,,,
,,,,,,,,,,,,,,2,17,2,,,,,,,,,,,,,,,,
,,,,,,,,,,,,,,3,21,2,,,,,,,,,,,,,,,,
,,,,,,,,,,,,,,4,6,2,,,,,,,,,,,,,,,,
,,,,,,,,,,,,,,3,12,1,,,,,,,,,,,,,,,,
,,,,,,,,,,,,,,1,42,2,,,,,,,,,,,,,,,,
,,,,,,,,,,,,,,2,26,1,,,,,,,,,,,,,,,,
,,,,,,,,,,,,,,2,29,2,,,,,,,,,,,,,,,,
,,,,,,,,,,,,,,3,40,2,,,,,,,,,,,,,,,,
,,,,,,,,,,,,,,3,48,1,,,,,,,,,,,,,,,,
,,,,,,,,,,,,,,3,45,1,,,,,,,,,,,,,,,,
,,,,,,,,,,,,,,2,38,1,,,,,,,,,,,,,,,,
,,,,,,,,,,,,,,3,48,1,,,,,,,,,,,,,,,,
,,,,,,,,,,,,,,2,18,1,,,,,,,,,,,,,,,,
,,,,,,,,,,,,,,2,55,2,,,,,,,,,,,,,,,,
,,,,,,,,,,,,,,3,13,1,,,,,,,,,,,,,,,,
,,,,,,,,,,,,,,3,48,1,,,,,,,,,,,,,,,,
,,,,,,,,,,,,,,1,36,2,,,,,,,,,,,,,,,,
,,,,,,,,,,,,,,3,37,2,,,,,,,,,,,,,,,,
,,,,,,,,,,,,,,3,10,1,,,,,,,,,,,,,,,,
,,,,,,,,,,,,,,1,9,1,,,,,,,,,,,,,,,,
,,,,,,,,,,,,,,2,26,1,,,,,,,,,,,,,,,,
,,,,,,,,,,,,,,1,34,1,,,,,,,,,,,,,,,,
,,,,,,,,,,,,,,3,12,1,,,,,,,,,,,,,,,,
,,,,,,,,,,,,,,3,40,1,,,,,,,,,,,,,,,,
,,,,,,,,,,,,,,2,26,2,,,,,,,,,,,,,,,,
,,,,,,,,,,,,,,3,48,2,,,,,,,,,,,,,,,,
,,,,,,,,,,,,,,3,48,1,,,,,,,,,,,,,,,,
,,,,,,,,,,,,,,1,42,2,,,,,,,,,,,,,,,,
,,,,,,,,,,,,,,2,39,2,,,,,,,,,,,,,,,,
,,,,,,,,,,,,,,3,12,1,,,,,,,,,,,,,,,,
,,,,,,,,,,,,,,2,26,1,,,,,,,,,,,,,,,,
,,,,,,,,,,,,,,1,36,2,,,,,,,,,,,,,,,,
,,,,,,,,,,,,,,1,25,2,,,,,,,,,,,,,,,,
,,,,,,,,,,,,,,4,8,2,,,,,,,,,,,,,,,,
,,,,,,,,,,,,,,2,39,1,,,,,,,,,,,,,,,,
,,,,,,,,,,,,,,1,25,2,,,,,,,,,,,,,,,,
,,,,,,,,,,,,,,3,51,2,,,,,,,,,,,,,,,,
,,,,,,,,,,,,,,3,1,2,,,,,,,,,,,,,,,,
,,,,,,,,,,,,,,3,45,2,,,,,,,,,,,,,,,,
,,,,,,,,,,,,,,3,48,1,,,,,,,,,,,,,,,,
,,,,,,,,,,,,,,3,48,2,,,,,,,,,,,,,,,,
,,,,,,,,,,,,,,3,45,1,,,,,,,,,,,,,,,,
,,,,,,,,,,,,,,4,35,1,,,,,,,,,,,,,,,,
,,,,,,,,,,,,,,2,55,1,,,,,,,,,,,,,,,,
,,,,,,,,,,,,,,2,39,2,,,,,,,,,,,,,,,,
,,,,,,,,,,,,,,3,48,1,,,,,,,,,,,,,,,,
,,,,,,,,,,,,,,4,16,2,,,,,,,,,,,,,,,,
,,,,,,,,,,,,,,2,26,2,,,,,,,,,,,,,,,,
,,,,,,,,,,,,,,3,51,2,,,,,,,,,,,,,,,,
,,,,,,,,,,,,,,4,32,1,,,,,,,,,,,,,,,,
,,,,,,,,,,,,,,4,6,2,,,,,,,,,,,,,,,,
,,,,,,,,,,,,,,3,12,2,,,,,,,,,,,,,,,,
,,,,,,,,,,,,,,4,2,1,,,,,,,,,,,,,,,,
,,,,,,,,,,,,,,1,42,2,,,,,,,,,,,,,,,,
,,,,,,,,,,,,,,3,12,1,,,,,,,,,,,,,,,,
,,,,,,,,,,,,,,1,42,1,,,,,,,,,,,,,,,,
,,,,,,,,,,,,,,4,53,1,,,,,,,,,,,,,,,,
,,,,,,,,,,,,,,1,36,1,,,,,,,,,,,,,,,,
,,,,,,,,,,,,,,2,20,1,,,,,,,,,,,,,,,,
,,,,,,,,,,,,,,3,51,1,,,,,,,,,,,,,,,,
,,,,,,,,,,,,,,2,55,2,,,,,,,,,,,,,,,,
,,,,,,,,,,,,,,1,36,2,,,,,,,,,,,,,,,,
,,,,,,,,,,,,,,3,40,1,,,,,,,,,,,,,,,,
,,,,,,,,,,,,,,4,49,2,,,,,,,,,,,,,,,,
,,,,,,,,,,,,,,3,37,2,,,,,,,,,,,,,,,,
,,,,,,,,,,,,,,3,1,2,,,,,,,,,,,,,,,,
,,,,,,,,,,,,,,3,37,1,,,,,,,,,,,,,,,,
,,,,,,,,,,,,,,3,37,1,,,,,,,,,,,,,,,,
,,,,,,,,,,,,,,1,36,2,,,,,,,,,,,,,,,,
,,,,,,,,,,,,,,3,37,1,,,,,,,,,,,,,,,,
,,,,,,,,,,,,,,3,13,2,,,,,,,,,,,,,,,,
,,,,,,,,,,,,,,3,51,1,,,,,,,,,,,,,,,,
,,,,,,,,,,,,,,2,17,1,,,,,,,,,,,,,,,,
,,,,,,,,,,,,,,3,24,2,,,,,,,,,,,,,,,,
,,,,,,,,,,,,,,3,5,2,,,,,,,,,,,,,,,,
,,,,,,,,,,,,,,2,19,1,,,,,,,,,,,,,,,,
,,,,,,,,,,,,,,1,36,1,,,,,,,,,,,,,,,,
,,,,,,,,,,,,,,3,28,1,,,,,,,,,,,,,,,,
,,,,,,,,,,,,,,3,37,2,,,,,,,,,,,,,,,,
,,,,,,,,,,,,,,3,22,1,,,,,,,,,,,,,,,,
,,,,,,,,,,,,,,3,12,2,,,,,,,,,,,,,,,,
,,,,,,,,,,,,,,1,36,1,,,,,,,,,,,,,,,,
,,,,,,,,,,,,,,4,6,1,,,,,,,,,,,,,,,,
,,,,,,,,,,,,,,4,6,1,,,,,,,,,,,,,,,,
,,,,,,,,,,,,,,3,22,1,,,,,,,,,,,,,,,,
,,,,,,,,,,,,,,3,21,1,,,,,,,,,,,,,,,,
,,,,,,,,,,,,,,3,21,1,,,,,,,,,,,,,,,,
,,,,,,,,,,,,,,3,45,1,,,,,,,,,,,,,,,,
,,,,,,,,,,,,,,3,12,2,,,,,,,,,,,,,,,,
,,,,,,,,,,,,,,3,48,1,,,,,,,,,,,,,,,,
,,,,,,,,,,,,,,3,12,1,,,,,,,,,,,,,,,,
,,,,,,,,,,,,,,3,22,1,,,,,,,,,,,,,,,,
,,,,,,,,,,,,,,4,6,2,,,,,,,,,,,,,,,,
,,,,,,,,,,,,,,3,51,1,,,,,,,,,,,,,,,,
,,,,,,,,,,,,,,3,37,2,,,,,,,,,,,,,,,,
,,,,,,,,,,,,,,3,13,2,,,,,,,,,,,,,,,,
,,,,,,,,,,,,,,3,1,2,,,,,,,,,,,,,,,,
,,,,,,,,,,,,,,3,12,1,,,,,,,,,,,,,,,,
,,,,,,,,,,,,,,3,48,2,,,,,,,,,,,,,,,,
,,,,,,,,,,,,,,3,37,1,,,,,,,,,,,,,,,,
,,,,,,,,,,,,,,4,4,1,,,,,,,,,,,,,,,,
,,,,,,,,,,,,,,4,41,2,,,,,,,,,,,,,,,,
,,,,,,,,,,,,,,2,39,1,,,,,,,,,,,,,,,,
,,,,,,,,,,,,,,4,35,1,,,,,,,,,,,,,,,,
,,,,,,,,,,,,,,1,33,2,,,,,,,,,,,,,,,,
,,,,,,,,,,,,,,1,42,1,,,,,,,,,,,,,,,,
,,,,,,,,,,,,,,1,25,1,,,,,,,,,,,,,,,,
,,,,,,,,,,,,,,2,26,2,,,,,,,,,,,,,,,,
,,,,,,,,,,,,,,4,6,1,,,,,,,,,,,,,,,,
,,,,,,,,,,,,,,3,21,1,,,,,,,,,,,,,,,,
,,,,,,,,,,,,,,1,34,2,,,,,,,,,,,,,,,,
,,,,,,,,,,,,,,2,39,2,,,,,,,,,,,,,,,,
,,,,,,,,,,,,,,2,39,1,,,,,,,,,,,,,,,,
,,,,,,,,,,,,,,3,12,2,,,,,,,,,,,,,,,,
,,,,,,,,,,,,,,2,55,2,,,,,,,,,,,,,,,,
,,,,,,,,,,,,,,2,26,2,,,,,,,,,,,,,,,,
,,,,,,,,,,,,,,3,47,2,,,,,,,,,,,,,,,,
,,,,,,,,,,,,,,4,49,2,,,,,,,,,,,,,,,,
,,,,,,,,,,,,,,3,40,2,,,,,,,,,,,,,,,,
,,,,,,,,,,,,,,4,6,2,,,,,,,,,,,,,,,,
,,,,,,,,,,,,,,1,34,2,,,,,,,,,,,,,,,,
,,,,,,,,,,,,,,3,51,1,,,,,,,,,,,,,,,,
,,,,,,,,,,,,,,3,45,1,,,,,,,,,,,,,,,,
,,,,,,,,,,,,,,2,29,2,,,,,,,,,,,,,,,,
,,,,,,,,,,,,,,1,36,1,,,,,,,,,,,,,,,,
,,,,,,,,,,,,,,4,2,1,,,,,,,,,,,,,,,,
,,,,,,,,,,,,,,3,51,2,,,,,,,,,,,,,,,,
,,,,,,,,,,,,,,3,24,2,,,,,,,,,,,,,,,,
,,,,,,,,,,,,,,4,6,2,,,,,,,,,,,,,,,,
,,,,,,,,,,,,,,1,36,1,,,,,,,,,,,,,,,,
,,,,,,,,,,,,,,3,24,2,,,,,,,,,,,,,,,,
,,,,,,,,,,,,,,2,18,1,,,,,,,,,,,,,,,,
,,,,,,,,,,,,,,2,26,1,,,,,,,,,,,,,,,,
,,,,,,,,,,,,,,2,39,1,,,,,,,,,,,,,,,,
,,,,,,,,,,,,,,1,34,2,,,,,,,,,,,,,,,,
,,,,,,,,,,,,,,4,6,2,,,,,,,,,,,,,,,,
,,,,,,,,,,,,,,4,6,1,,,,,,,,,,,,,,,,
,,,,,,,,,,,,,,3,22,2,,,,,,,,,,,,,,,,
,,,,,,,,,,,,,,2,39,1,,,,,,,,,,,,,,,,
,,,,,,,,,,,,,,1,23,1,,,,,,,,,,,,,,,,
,,,,,,,,,,,,,,3,37,2,,,,,,,,,,,,,,,,
,,,,,,,,,,,,,,3,12,1,,,,,,,,,,,,,,,,
,,,,,,,,,,,,,,1,34,1,,,,,,,,,,,,,,,,
,,,,,,,,,,,,,,4,6,2,,,,,,,,,,,,,,,,
,,,,,,,,,,,,,,1,42,2,,,,,,,,,,,,,,,,
,,,,,,,,,,,,,,3,48,1,,,,,,,,,,,,,,,,
,,,,,,,,,,,,,,3,48,1,,,,,,,,,,,,,,,,
,,,,,,,,,,,,,,3,48,1,,,,,,,,,,,,,,,,
,,,,,,,,,,,,,,4,6,2,,,,,,,,,,,,,,,,
,,,,,,,,,,,,,,3,48,2,,,,,,,,,,,,,,,,
,,,,,,,,,,,,,,3,45,2,,,,,,,,,,,,,,,,
,,,,,,,,,,,,,,3,48,1,,,,,,,,,,,,,,,,
,,,,,,,,,,,,,,4,6,2,,,,,,,,,,,,,,,,
,,,,,,,,,,,,,,1,36,2,,,,,,,,,,,,,,,,
,,,,,,,,,,,,,,3,12,1,,,,,,,,,,,,,,,,
,,,,,,,,,,,,,,1,36,2,,,,,,,,,,,,,,,,
,,,,,,,,,,,,,,3,12,2,,,,,,,,,,,,,,,,
,,,,,,,,,,,,,,2,18,2,,,,,,,,,,,,,,,,
,,,,,,,,,,,,,,2,29,2,,,,,,,,,,,,,,,,
,,,,,,,,,,,,,,2,27,1,,,,,,,,,,,,,,,,
,,,,,,,,,,,,,,3,48,2,,,,,,,,,,,,,,,,
,,,,,,,,,,,,,,1,34,2,,,,,,,,,,,,,,,,
,,,,,,,,,,,,,,1,34,2,,,,,,,,,,,,,,,,
,,,,,,,,,,,,,,1,36,1,,,,,,,,,,,,,,,,
,,,,,,,,,,,,,,4,6,2,,,,,,,,,,,,,,,,
,,,,,,,,,,,,,,1,44,1,,,,,,,,,,,,,,,,
,,,,,,,,,,,,,,3,47,1,,,,,,,,,,,,,,,,
,,,,,,,,,,,,,,3,48,2,,,,,,,,,,,,,,,,
,,,,,,,,,,,,,,2,39,1,,,,,,,,,,,,,,,,
,,,,,,,,,,,,,,4,53,2,,,,,,,,,,,,,,,,
,,,,,,,,,,,,,,3,37,1,,,,,,,,,,,,,,,,
,,,,,,,,,,,,,,3,45,1,,,,,,,,,,,,,,,,
,,,,,,,,,,,,,,3,21,2,,,,,,,,,,,,,,,,
,,,,,,,,,,,,,,3,48,2,,,,,,,,,,,,,,,,
,,,,,,,,,,,,,,2,55,1,,,,,,,,,,,,,,,,
,,,,,,,,,,,,,,3,47,1,,,,,,,,,,,,,,,,
,,,,,,,,,,,,,,3,24,1,,,,,,,,,,,,,,,,
,,,,,,,,,,,,,,2,17,2,,,,,,,,,,,,,,,,
,,,,,,,,,,,,,,2,17,2,,,,,,,,,,,,,,,,
,,,,,,,,,,,,,,4,6,2,,,,,,,,,,,,,,,,
,,,,,,,,,,,,,,3,40,1,,,,,,,,,,,,,,,,
,,,,,,,,,,,,,,2,20,2,,,,,,,,,,,,,,,,
,,,,,,,,,,,,,,4,8,2,,,,,,,,,,,,,,,,
,,,,,,,,,,,,,,3,1,2,,,,,,,,,,,,,,,,
,,,,,,,,,,,,,,4,6,1,,,,,,,,,,,,,,,,
,,,,,,,,,,,,,,4,8,2,,,,,,,,,,,,,,,,
,,,,,,,,,,,,,,1,9,2,,,,,,,,,,,,,,,,
,,,,,,,,,,,,,,3,5,2,,,,,,,,,,,,,,,,
,,,,,,,,,,,,,,3,37,2,,,,,,,,,,,,,,,,
,,,,,,,,,,,,,,4,6,1,,,,,,,,,,,,,,,,
,,,,,,,,,,,,,,1,36,2,,,,,,,,,,,,,,,,
,,,,,,,,,,,,,,2,39,2,,,,,,,,,,,,,,,,
,,,,,,,,,,,,,,4,6,1,,,,,,,,,,,,,,,,
,,,,,,,,,,,,,,4,2,2,,,,,,,,,,,,,,,,
,,,,,,,,,,,,,,3,28,2,,,,,,,,,,,,,,,,
,,,,,,,,,,,,,,4,6,2,,,,,,,,,,,,,,,,
,,,,,,,,,,,,,,4,53,2,,,,,,,,,,,,,,,,
,,,,,,,,,,,,,,2,17,1,,,,,,,,,,,,,,,,
,,,,,,,,,,,,,,3,12,2,,,,,,,,,,,,,,,,
,,,,,,,,,,,,,,3,47,1,,,,,,,,,,,,,,,,
,,,,,,,,,,,,,,3,48,1,,,,,,,,,,,,,,,,
,,,,,,,,,,,,,,2,19,1,,,,,,,,,,,,,,,,
,,,,,,,,,,,,,,3,5,1,,,,,,,,,,,,,,,,
,,,,,,,,,,,,,,2,39,1,,,,,,,,,,,,,,,,
,,,,,,,,,,,,,,2,18,2,,,,,,,,,,,,,,,,
,,,,,,,,,,,,,,3,51,1,,,,,,,,,,,,,,,,
,,,,,,,,,,,,,,1,25,1,,,,,,,,,,,,,,,,
,,,,,,,,,,,,,,3,12,1,,,,,,,,,,,,,,,,
,,,,,,,,,,,,,,1,25,1,,,,,,,,,,,,,,,,
,,,,,,,,,,,,,,3,54,2,,,,,,,,,,,,,,,,
,,,,,,,,,,,,,,4,4,1,,,,,,,,,,,,,,,,
,,,,,,,,,,,,,,3,1,2,,,,,,,,,,,,,,,,
,,,,,,,,,,,,,,4,6,1,,,,,,,,,,,,,,,,
,,,,,,,,,,,,,,3,13,1,,,,,,,,,,,,,,,,
,,,,,,,,,,,,,,3,48,1,,,,,,,,,,,,,,,,
,,,,,,,,,,,,,,4,4,2,,,,,,,,,,,,,,,,
,,,,,,,,,,,,,,3,24,2,,,,,,,,,,,,,,,,
,,,,,,,,,,,,,,1,42,2,,,,,,,,,,,,,,,,
,,,,,,,,,,,,,,3,48,1,,,,,,,,,,,,,,,,
,,,,,,,,,,,,,,2,55,1,,,,,,,,,,,,,,,,
,,,,,,,,,,,,,,2,17,1,,,,,,,,,,,,,,,,
,,,,,,,,,,,,,,4,15,2,,,,,,,,,,,,,,,,
,,,,,,,,,,,,,,3,28,2,,,,,,,,,,,,,,,,
,,,,,,,,,,,,,,2,26,2,,,,,,,,,,,,,,,,
,,,,,,,,,,,,,,2,18,1,,,,,,,,,,,,,,,,
,,,,,,,,,,,,,,2,38,1,,,,,,,,,,,,,,,,
,,,,,,,,,,,,,,2,29,1,,,,,,,,,,,,,,,,
,,,,,,,,,,,,,,3,12,2,,,,,,,,,,,,,,,,
,,,,,,,,,,,,,,2,26,2,,,,,,,,,,,,,,,,
,,,,,,,,,,,,,,3,13,1,,,,,,,,,,,,,,,,
,,,,,,,,,,,,,,4,6,2,,,,,,,,,,,,,,,,
,,,,,,,,,,,,,,3,48,2,,,,,,,,,,,,,,,,
,,,,,,,,,,,,,,1,42,2,,,,,,,,,,,,,,,,
,,,,,,,,,,,,,,3,28,2,,,,,,,,,,,,,,,,
,,,,,,,,,,,,,,3,47,2,,,,,,,,,,,,,,,,
,,,,,,,,,,,,,,1,34,1,,,,,,,,,,,,,,,,
,,,,,,,,,,,,,,3,47,1,,,,,,,,,,,,,,,,
,,,,,,,,,,,,,,2,18,2,,,,,,,,,,,,,,,,
,,,,,,,,,,,,,,3,48,1,,,,,,,,,,,,,,,,
,,,,,,,,,,,,,,4,6,1,,,,,,,,,,,,,,,,
,,,,,,,,,,,,,,2,39,2,,,,,,,,,,,,,,,,
,,,,,,,,,,,,,,3,37,2,,,,,,,,,,,,,,,,
,,,,,,,,,,,,,,3,37,1,,,,,,,,,,,,,,,,
,,,,,,,,,,,,,,1,42,2,,,,,,,,,,,,,,,,
,,,,,,,,,,,,,,1,36,2,,,,,,,,,,,,,,,,
,,,,,,,,,,,,,,3,45,2,,,,,,,,,,,,,,,,
,,,,,,,,,,,,,,1,42,1,,,,,,,,,,,,,,,,
,,,,,,,,,,,,,,1,50,2,,,,,,,,,,,,,,,,
,,,,,,,,,,,,,,3,28,2,,,,,,,,,,,,,,,,
,,,,,,,,,,,,,,2,27,1,,,,,,,,,,,,,,,,
,,,,,,,,,,,,,,3,28,1,,,,,,,,,,,,,,,,
,,,,,,,,,,,,,,3,28,2,,,,,,,,,,,,,,,,
,,,,,,,,,,,,,,2,27,2,,,,,,,,,,,,,,,,
,,,,,,,,,,,,,,2,20,2,,,,,,,,,,,,,,,,
,,,,,,,,,,,,,,2,27,2,,,,,,,,,,,,,,,,
,,,,,,,,,,,,,,3,45,2,,,,,,,,,,,,,,,,
,,,,,,,,,,,,,,3,12,2,,,,,,,,,,,,,,,,
,,,,,,,,,,,,,,3,51,1,,,,,,,,,,,,,,,,
,,,,,,,,,,,,,,1,42,1,,,,,,,,,,,,,,,,
,,,,,,,,,,,,,,1,34,2,,,,,,,,,,,,,,,,
,,,,,,,,,,,,,,3,12,1,,,,,,,,,,,,,,,,
,,,,,,,,,,,,,,1,23,2,,,,,,,,,,,,,,,,
,,,,,,,,,,,,,,3,37,2,,,,,,,,,,,,,,,,
,,,,,,,,,,,,,,3,47,2,,,,,,,,,,,,,,,,
,,,,,,,,,,,,,,3,48,1,,,,,,,,,,,,,,,,
,,,,,,,,,,,,,,3,22,2,,,,,,,,,,,,,,,,
,,,,,,,,,,,,,,3,22,2,,,,,,,,,,,,,,,,
,,,,,,,,,,,,,,4,30,1,,,,,,,,,,,,,,,,
,,,,,,,,,,,,,,4,4,1,,,,,,,,,,,,,,,,
,,,,,,,,,,,,,,2,31,1,,,,,,,,,,,,,,,,
,,,,,,,,,,,,,,4,6,2,,,,,,,,,,,,,,,,
,,,,,,,,,,,,,,4,6,2,,,,,,,,,,,,,,,,
,,,,,,,,,,,,,,4,6,2,,,,,,,,,,,,,,,,
,,,,,,,,,,,,,,4,6,1,,,,,,,,,,,,,,,,
,,,,,,,,,,,,,,4,2,1,,,,,,,,,,,,,,,,
,,,,,,,,,,,,,,2,39,1,,,,,,,,,,,,,,,,
,,,,,,,,,,,,,,3,51,1,,,,,,,,,,,,,,,,
,,,,,,,,,,,,,,1,36,2,,,,,,,,,,,,,,,,
,,,,,,,,,,,,,,2,26,2,,,,,,,,,,,,,,,,
,,,,,,,,,,,,,,3,54,1,,,,,,,,,,,,,,,,
,,,,,,,,,,,,,,3,37,1,,,,,,,,,,,,,,,,
,,,,,,,,,,,,,,1,25,2,,,,,,,,,,,,,,,,
,,,,,,,,,,,,,,2,39,2,,,,,,,,,,,,,,,,
,,,,,,,,,,,,,,3,24,2,,,,,,,,,,,,,,,,
,,,,,,,,,,,,,,2,26,1,,,,,,,,,,,,,,,,
,,,,,,,,,,,,,,3,51,1,,,,,,,,,,,,,,,,
,,,,,,,,,,,,,,3,24,2,,,,,,,,,,,,,,,,
,,,,,,,,,,,,,,3,21,2,,,,,,,,,,,,,,,,
,,,,,,,,,,,,,,3,48,2,,,,,,,,,,,,,,,,
,,,,,,,,,,,,,,2,19,2,,,,,,,,,,,,,,,,
,,,,,,,,,,,,,,2,19,1,,,,,,,,,,,,,,,,
,,,,,,,,,,,,,,3,22,2,,,,,,,,,,,,,,,,
,,,,,,,,,,,,,,3,5,2,,,,,,,,,,,,,,,,
,,,,,,,,,,,,,,1,36,1,,,,,,,,,,,,,,,,
,,,,,,,,,,,,,,3,24,2,,,,,,,,,,,,,,,,
,,,,,,,,,,,,,,1,34,1,,,,,,,,,,,,,,,,
,,,,,,,,,,,,,,1,36,2,,,,,,,,,,,,,,,,
,,,,,,,,,,,,,,1,42,1,,,,,,,,,,,,,,,,
,,,,,,,,,,,,,,3,47,2,,,,,,,,,,,,,,,,
,,,,,,,,,,,,,,4,35,2,,,,,,,,,,,,,,,,
,,,,,,,,,,,,,,3,13,1,,,,,,,,,,,,,,,,
,,,,,,,,,,,,,,3,37,2,,,,,,,,,,,,,,,,
,,,,,,,,,,,,,,3,12,2,,,,,,,,,,,,,,,,
,,,,,,,,,,,,,,1,42,1,,,,,,,,,,,,,,,,
,,,,,,,,,,,,,,3,13,2,,,,,,,,,,,,,,,,
,,,,,,,,,,,,,,3,37,1,,,,,,,,,,,,,,,,
,,,,,,,,,,,,,,1,34,2,,,,,,,,,,,,,,,,
,,,,,,,,,,,,,,1,36,1,,,,,,,,,,,,,,,,
,,,,,,,,,,,,,,2,17,2,,,,,,,,,,,,,,,,
,,,,,,,,,,,,,,2,17,2,,,,,,,,,,,,,,,,
,,,,,,,,,,,,,,3,5,1,,,,,,,,,,,,,,,,
,,,,,,,,,,,,,,2,17,2,,,,,,,,,,,,,,,,
,,,,,,,,,,,,,,3,48,1,,,,,,,,,,,,,,,,
,,,,,,,,,,,,,,3,48,1,,,,,,,,,,,,,,,,
,,,,,,,,,,,,,,4,8,2,,,,,,,,,,,,,,,,
,,,,,,,,,,,,,,4,6,2,,,,,,,,,,,,,,,,
,,,,,,,,,,,,,,4,32,1,,,,,,,,,,,,,,,,
,,,,,,,,,,,,,,4,32,1,,,,,,,,,,,,,,,,
,,,,,,,,,,,,,,1,42,2,,,,,,,,,,,,,,,,
,,,,,,,,,,,,,,3,48,1,,,,,,,,,,,,,,,,
,,,,,,,,,,,,,,4,6,2,,,,,,,,,,,,,,,,
,,,,,,,,,,,,,,4,6,2,,,,,,,,,,,,,,,,
,,,,,,,,,,,,,,4,2,1,,,,,,,,,,,,,,,,
,,,,,,,,,,,,,,4,2,2,,,,,,,,,,,,,,,,
,,,,,,,,,,,,,,2,26,2,,,,,,,,,,,,,,,,
,,,,,,,,,,,,,,2,26,2,,,,,,,,,,,,,,,,
,,,,,,,,,,,,,,1,36,2,,,,,,,,,,,,,,,,
,,,,,,,,,,,,,,3,45,1,,,,,,,,,,,,,,,,
,,,,,,,,,,,,,,2,39,1,,,,,,,,,,,,,,,,
,,,,,,,,,,,,,,3,13,1,,,,,,,,,,,,,,,,
,,,,,,,,,,,,,,3,13,1,,,,,,,,,,,,,,,,
,,,,,,,,,,,,,,3,12,1,,,,,,,,,,,,,,,,
,,,,,,,,,,,,,,1,42,1,,,,,,,,,,,,,,,,
,,,,,,,,,,,,,,3,1,1,,,,,,,,,,,,,,,,
,,,,,,,,,,,,,,3,12,1,,,,,,,,,,,,,,,,
,,,,,,,,,,,,,,3,24,1,,,,,,,,,,,,,,,,
,,,,,,,,,,,,,,1,36,1,,,,,,,,,,,,,,,,
,,,,,,,,,,,,,,3,24,2,,,,,,,,,,,,,,,,
,,,,,,,,,,,,,,3,37,1,,,,,,,,,,,,,,,,
,,,,,,,,,,,,,,2,31,2,,,,,,,,,,,,,,,,
,,,,,,,,,,,,,,2,27,2,,,,,,,,,,,,,,,,
,,,,,,,,,,,,,,2,31,1,,,,,,,,,,,,,,,,
,,,,,,,,,,,,,,2,27,2,,,,,,,,,,,,,,,,
,,,,,,,,,,,,,,4,8,2,,,,,,,,,,,,,,,,
,,,,,,,,,,,,,,1,36,1,,,,,,,,,,,,,,,,
,,,,,,,,,,,,,,3,37,1,,,,,,,,,,,,,,,,
,,,,,,,,,,,,,,3,37,2,,,,,,,,,,,,,,,,
,,,,,,,,,,,,,,3,13,1,,,,,,,,,,,,,,,,
,,,,,,,,,,,,,,2,17,2,,,,,,,,,,,,,,,,
,,,,,,,,,,,,,,3,40,2,,,,,,,,,,,,,,,,
,,,,,,,,,,,,,,2,17,2,,,,,,,,,,,,,,,,
,,,,,,,,,,,,,,3,48,1,,,,,,,,,,,,,,,,
,,,,,,,,,,,,,,3,37,1,,,,,,,,,,,,,,,,
,,,,,,,,,,,,,,4,4,2,,,,,,,,,,,,,,,,
,,,,,,,,,,,,,,4,6,2,,,,,,,,,,,,,,,,
,,,,,,,,,,,,,,3,13,2,,,,,,,,,,,,,,,,
,,,,,,,,,,,,,,2,39,2,,,,,,,,,,,,,,,,
,,,,,,,,,,,,,,2,26,2,,,,,,,,,,,,,,,,
,,,,,,,,,,,,,,3,13,2,,,,,,,,,,,,,,,,
,,,,,,,,,,,,,,3,24,1,,,,,,,,,,,,,,,,
,,,,,,,,,,,,,,3,51,1,,,,,,,,,,,,,,,,
,,,,,,,,,,,,,,3,21,1,,,,,,,,,,,,,,,,
,,,,,,,,,,,,,,4,6,1,,,,,,,,,,,,,,,,
,,,,,,,,,,,,,,4,6,2,,,,,,,,,,,,,,,,
,,,,,,,,,,,,,,4,6,2,,,,,,,,,,,,,,,,
,,,,,,,,,,,,,,4,6,2,,,,,,,,,,,,,,,,
,,,,,,,,,,,,,,4,53,2,,,,,,,,,,,,,,,,
,,,,,,,,,,,,,,4,6,2,,,,,,,,,,,,,,,,
,,,,,,,,,,,,,,4,6,1,,,,,,,,,,,,,,,,
,,,,,,,,,,,,,,1,36,1,,,,,,,,,,,,,,,,
,,,,,,,,,,,,,,3,37,2,,,,,,,,,,,,,,,,
,,,,,,,,,,,,,,3,12,1,,,,,,,,,,,,,,,,
,,,,,,,,,,,,,,3,45,1,,,,,,,,,,,,,,,,
,,,,,,,,,,,,,,1,34,2,,,,,,,,,,,,,,,,
,,,,,,,,,,,,,,1,25,2,,,,,,,,,,,,,,,,
,,,,,,,,,,,,,,3,45,1,,,,,,,,,,,,,,,,
,,,,,,,,,,,,,,1,36,1,,,,,,,,,,,,,,,,
,,,,,,,,,,,,,,3,12,1,,,,,,,,,,,,,,,,
,,,,,,,,,,,,,,1,42,2,,,,,,,,,,,,,,,,
,,,,,,,,,,,,,,3,24,2,,,,,,,,,,,,,,,,
,,,,,,,,,,,,,,3,24,2,,,,,,,,,,,,,,,,
,,,,,,,,,,,,,,2,26,1,,,,,,,,,,,,,,,,
,,,,,,,,,,,,,,1,36,1,,,,,,,,,,,,,,,,
,,,,,,,,,,,,,,1,9,2,,,,,,,,,,,,,,,,
,,,,,,,,,,,,,,1,34,2,,,,,,,,,,,,,,,,
,,,,,,,,,,,,,,1,33,1,,,,,,,,,,,,,,,,
,,,,,,,,,,,,,,3,47,1,,,,,,,,,,,,,,,,
,,,,,,,,,,,,,,2,27,1,,,,,,,,,,,,,,,,
,,,,,,,,,,,,,,3,48,2,,,,,,,,,,,,,,,,
,,,,,,,,,,,,,,3,22,2,,,,,,,,,,,,,,,,
,,,,,,,,,,,,,,2,26,2,,,,,,,,,,,,,,,,
,,,,,,,,,,,,,,2,55,1,,,,,,,,,,,,,,,,
,,,,,,,,,,,,,,3,1,2,,,,,,,,,,,,,,,,
,,,,,,,,,,,,,,2,18,2,,,,,,,,,,,,,,,,
,,,,,,,,,,,,,,3,48,1,,,,,,,,,,,,,,,,
,,,,,,,,,,,,,,3,28,1,,,,,,,,,,,,,,,,
,,,,,,,,,,,,,,2,55,1,,,,,,,,,,,,,,,,
,,,,,,,,,,,,,,3,51,1,,,,,,,,,,,,,,,,
,,,,,,,,,,,,,,3,48,2,,,,,,,,,,,,,,,,
,,,,,,,,,,,,,,2,39,1,,,,,,,,,,,,,,,,
,,,,,,,,,,,,,,1,36,2,,,,,,,,,,,,,,,,
,,,,,,,,,,,,,,3,51,1,,,,,,,,,,,,,,,,
,,,,,,,,,,,,,,2,39,2,,,,,,,,,,,,,,,,
,,,,,,,,,,,,,,3,48,1,,,,,,,,,,,,,,,,
,,,,,,,,,,,,,,3,22,2,,,,,,,,,,,,,,,,
,,,,,,,,,,,,,,3,48,1,,,,,,,,,,,,,,,,
,,,,,,,,,,,,,,3,40,2,,,,,,,,,,,,,,,,
,,,,,,,,,,,,,,2,27,1,,,,,,,,,,,,,,,,
,,,,,,,,,,,,,,3,1,2,,,,,,,,,,,,,,,,
,,,,,,,,,,,,,,3,28,2,,,,,,,,,,,,,,,,
,,,,,,,,,,,,,,3,5,1,,,,,,,,,,,,,,,,
,,,,,,,,,,,,,,4,4,1,,,,,,,,,,,,,,,,
,,,,,,,,,,,,,,4,49,2,,,,,,,,,,,,,,,,
,,,,,,,,,,,,,,4,6,2,,,,,,,,,,,,,,,,
,,,,,,,,,,,,,,4,6,2,,,,,,,,,,,,,,,,
,,,,,,,,,,,,,,4,6,1,,,,,,,,,,,,,,,,
,,,,,,,,,,,,,,4,41,1,,,,,,,,,,,,,,,,
,,,,,,,,,,,,,,4,6,2,,,,,,,,,,,,,,,,
,,,,,,,,,,,,,,4,32,1,,,,,,,,,,,,,,,,
,,,,,,,,,,,,,,4,6,2,,,,,,,,,,,,,,,,
,,,,,,,,,,,,,,4,6,1,,,,,,,,,,,,,,,,
,,,,,,,,,,,,,,4,6,1,,,,,,,,,,,,,,,,
,,,,,,,,,,,,,,4,53,2,,,,,,,,,,,,,,,,
,,,,,,,,,,,,,,4,6,1,,,,,,,,,,,,,,,,
,,,,,,,,,,,,,,4,53,2,,,,,,,,,,,,,,,,
,,,,,,,,,,,,,,4,6,2,,,,,,,,,,,,,,,,
,,,,,,,,,,,,,,4,41,2,,,,,,,,,,,,,,,,
,,,,,,,,,,,,,,2,26,1,,,,,,,,,,,,,,,,
,,,,,,,,,,,,,,3,12,1,,,,,,,,,,,,,,,,
,,,,,,,,,,,,,,3,24,1,,,,,,,,,,,,,,,,
,,,,,,,,,,,,,,1,36,1,,,,,,,,,,,,,,,,
,,,,,,,,,,,,,,1,36,1,,,,,,,,,,,,,,,,
,,,,,,,,,,,,,,2,39,1,,,,,,,,,,,,,,,,
,,,,,,,,,,,,,,1,34,1,,,,,,,,,,,,,,,,
,,,,,,,,,,,,,,1,36,2,,,,,,,,,,,,,,,,
,,,,,,,,,,,,,,3,12,1,,,,,,,,,,,,,,,,
,,,,,,,,,,,,,,1,36,1,,,,,,,,,,,,,,,,
,,,,,,,,,,,,,,1,42,1,,,,,,,,,,,,,,,,
,,,,,,,,,,,,,,1,36,2,,,,,,,,,,,,,,,,
,,,,,,,,,,,,,,3,13,1,,,,,,,,,,,,,,,,
,,,,,,,,,,,,,,4,41,1,,,,,,,,,,,,,,,,
,,,,,,,,,,,,,,3,45,1,,,,,,,,,,,,,,,,
,,,,,,,,,,,,,,3,47,2,,,,,,,,,,,,,,,,
,,,,,,,,,,,,,,3,12,2,,,,,,,,,,,,,,,,
,,,,,,,,,,,,,,3,51,2,,,,,,,,,,,,,,,,
,,,,,,,,,,,,,,1,34,2,,,,,,,,,,,,,,,,
,,,,,,,,,,,,,,1,36,1,,,,,,,,,,,,,,,,
,,,,,,,,,,,,,,1,36,1,,,,,,,,,,,,,,,,
,,,,,,,,,,,,,,1,36,2,,,,,,,,,,,,,,,,
,,,,,,,,,,,,,,3,12,1,,,,,,,,,,,,,,,,
,,,,,,,,,,,,,,1,9,2,,,,,,,,,,,,,,,,
,,,,,,,,,,,,,,2,19,1,,,,,,,,,,,,,,,,
,,,,,,,,,,,,,,2,19,1,,,,,,,,,,,,,,,,
,,,,,,,,,,,,,,3,48,2,,,,,,,,,,,,,,,,
,,,,,,,,,,,,,,3,37,2,,,,,,,,,,,,,,,,
,,,,,,,,,,,,,,2,19,2,,,,,,,,,,,,,,,,
,,,,,,,,,,,,,,3,13,1,,,,,,,,,,,,,,,,
,,,,,,,,,,,,,,3,48,2,,,,,,,,,,,,,,,,
,,,,,,,,,,,,,,3,28,1,,,,,,,,,,,,,,,,
,,,,,,,,,,,,,,3,48,2,,,,,,,,,,,,,,,,
,,,,,,,,,,,,,,2,17,1,,,,,,,,,,,,,,,,
,,,,,,,,,,,,,,3,48,1,,,,,,,,,,,,,,,,
,,,,,,,,,,,,,,3,48,1,,,,,,,,,,,,,,,,
,,,,,,,,,,,,,,4,49,2,,,,,,,,,,,,,,,,
,,,,,,,,,,,,,,4,35,1,,,,,,,,,,,,,,,,
,,,,,,,,,,,,,,4,4,2,,,,,,,,,,,,,,,,
,,,,,,,,,,,,,,4,49,1,,,,,,,,,,,,,,,,
,,,,,,,,,,,,,,4,30,1,,,,,,,,,,,,,,,,
,,,,,,,,,,,,,,4,49,1,,,,,,,,,,,,,,,,
,,,,,,,,,,,,,,4,35,1,,,,,,,,,,,,,,,,
,,,,,,,,,,,,,,4,4,2,,,,,,,,,,,,,,,,
,,,,,,,,,,,,,,3,48,1,,,,,,,,,,,,,,,,
,,,,,,,,,,,,,,3,48,2,,,,,,,,,,,,,,,,
,,,,,,,,,,,,,,4,16,2,,,,,,,,,,,,,,,,
,,,,,,,,,,,,,,4,6,2,,,,,,,,,,,,,,,,
,,,,,,,,,,,,,,4,41,1,,,,,,,,,,,,,,,,
,,,,,,,,,,,,,,4,6,1,,,,,,,,,,,,,,,,
,,,,,,,,,,,,,,4,6,2,,,,,,,,,,,,,,,,
,,,,,,,,,,,,,,4,41,1,,,,,,,,,,,,,,,,
,,,,,,,,,,,,,,3,24,1,,,,,,,,,,,,,,,,
,,,,,,,,,,,,,,1,50,1,,,,,,,,,,,,,,,,
,,,,,,,,,,,,,,3,45,1,,,,,,,,,,,,,,,,
,,,,,,,,,,,,,,3,13,1,,,,,,,,,,,,,,,,
,,,,,,,,,,,,,,3,21,2,,,,,,,,,,,,,,,,
,,,,,,,,,,,,,,1,36,1,,,,,,,,,,,,,,,,
,,,,,,,,,,,,,,3,45,1,,,,,,,,,,,,,,,,
,,,,,,,,,,,,,,2,20,1,,,,,,,,,,,,,,,,
,,,,,,,,,,,,,,3,37,1,,,,,,,,,,,,,,,,
,,,,,,,,,,,,,,3,13,1,,,,,,,,,,,,,,,,
,,,,,,,,,,,,,,1,25,1,,,,,,,,,,,,,,,,
,,,,,,,,,,,,,,3,12,2,,,,,,,,,,,,,,,,
,,,,,,,,,,,,,,3,24,1,,,,,,,,,,,,,,,,
,,,,,,,,,,,,,,3,12,1,,,,,,,,,,,,,,,,
,,,,,,,,,,,,,,3,12,2,,,,,,,,,,,,,,,,
,,,,,,,,,,,,,,3,45,1,,,,,,,,,,,,,,,,
,,,,,,,,,,,,,,1,33,2,,,,,,,,,,,,,,,,
,,,,,,,,,,,,,,2,26,2,,,,,,,,,,,,,,,,
,,,,,,,,,,,,,,3,48,2,,,,,,,,,,,,,,,,
,,,,,,,,,,,,,,2,27,2,,,,,,,,,,,,,,,,
,,,,,,,,,,,,,,2,17,2,,,,,,,,,,,,,,,,
,,,,,,,,,,,,,,2,17,1,,,,,,,,,,,,,,,,
,,,,,,,,,,,,,,2,27,1,,,,,,,,,,,,,,,,
,,,,,,,,,,,,,,1,34,1,,,,,,,,,,,,,,,,
,,,,,,,,,,,,,,2,27,1,,,,,,,,,,,,,,,,
,,,,,,,,,,,,,,3,48,2,,,,,,,,,,,,,,,,
,,,,,,,,,,,,,,3,13,1,,,,,,,,,,,,,,,,
,,,,,,,,,,,,,,3,48,2,,,,,,,,,,,,,,,,
,,,,,,,,,,,,,,1,36,1,,,,,,,,,,,,,,,,
,,,,,,,,,,,,,,2,18,1,,,,,,,,,,,,,,,,
,,,,,,,,,,,,,,2,55,2,,,,,,,,,,,,,,,,
,,,,,,,,,,,,,,3,37,1,,,,,,,,,,,,,,,,
,,,,,,,,,,,,,,4,49,1,,,,,,,,,,,,,,,,
,,,,,,,,,,,,,,4,35,2,,,,,,,,,,,,,,,,
,,,,,,,,,,,,,,4,4,1,,,,,,,,,,,,,,,,
,,,,,,,,,,,,,,2,55,2,,,,,,,,,,,,,,,,
,,,,,,,,,,,,,,4,30,1,,,,,,,,,,,,,,,,
,,,,,,,,,,,,,,3,48,1,,,,,,,,,,,,,,,,
,,,,,,,,,,,,,,1,50,1,,,,,,,,,,,,,,,,
,,,,,,,,,,,,,,3,51,2,,,,,,,,,,,,,,,,
,,,,,,,,,,,,,,3,13,1,,,,,,,,,,,,,,,,
,,,,,,,,,,,,,,2,31,2,,,,,,,,,,,,,,,,
,,,,,,,,,,,,,,3,12,2,,,,,,,,,,,,,,,,
,,,,,,,,,,,,,,1,25,1,,,,,,,,,,,,,,,,
,,,,,,,,,,,,,,3,48,2,,,,,,,,,,,,,,,,
,,,,,,,,,,,,,,4,6,1,,,,,,,,,,,,,,,,
,,,,,,,,,,,,,,4,4,2,,,,,,,,,,,,,,,,
,,,,,,,,,,,,,,3,37,2,,,,,,,,,,,,,,,,
,,,,,,,,,,,,,,4,4,2,,,,,,,,,,,,,,,,
,,,,,,,,,,,,,,3,48,2,,,,,,,,,,,,,,,,
,,,,,,,,,,,,,,4,53,2,,,,,,,,,,,,,,,,
,,,,,,,,,,,,,,3,13,1,,,,,,,,,,,,,,,,
,,,,,,,,,,,,,,2,55,2,,,,,,,,,,,,,,,,
,,,,,,,,,,,,,,3,48,2,,,,,,,,,,,,,,,,
,,,,,,,,,,,,,,3,1,2,,,,,,,,,,,,,,,,
,,,,,,,,,,,,,,4,30,1,,,,,,,,,,,,,,,,
,,,,,,,,,,,,,,4,16,1,,,,,,,,,,,,,,,,
,,,,,,,,,,,,,,3,5,2,,,,,,,,,,,,,,,,
,,,,,,,,,,,,,,4,6,1,,,,,,,,,,,,,,,,
,,,,,,,,,,,,,,4,6,2,,,,,,,,,,,,,,,,
,,,,,,,,,,,,,,1,44,2,,,,,,,,,,,,,,,,
,,,,,,,,,,,,,,1,42,1,,,,,,,,,,,,,,,,
,,,,,,,,,,,,,,4,6,2,,,,,,,,,,,,,,,,
,,,,,,,,,,,,,,3,24,1,,,,,,,,,,,,,,,,
,,,,,,,,,,,,,,1,36,1,,,,,,,,,,,,,,,,
,,,,,,,,,,,,,,4,6,2,,,,,,,,,,,,,,,,
,,,,,,,,,,,,,,2,17,2,,,,,,,,,,,,,,,,
,,,,,,,,,,,,,,2,29,2,,,,,,,,,,,,,,,,
,,,,,,,,,,,,,,3,51,1,,,,,,,,,,,,,,,,
,,,,,,,,,,,,,,2,29,1,,,,,,,,,,,,,,,,
,,,,,,,,,,,,,,2,29,2,,,,,,,,,,,,,,,,
,,,,,,,,,,,,,,2,27,2,,,,,,,,,,,,,,,,
,,,,,,,,,,,,,,2,17,1,,,,,,,,,,,,,,,,
,,,,,,,,,,,,,,3,51,1,,,,,,,,,,,,,,,,
,,,,,,,,,,,,,,4,4,2,,,,,,,,,,,,,,,,
,,,,,,,,,,,,,,4,4,2,,,,,,,,,,,,,,,,
,,,,,,,,,,,,,,2,18,1,,,,,,,,,,,,,,,,
,,,,,,,,,,,,,,1,36,2,,,,,,,,,,,,,,,,
,,,,,,,,,,,,,,3,24,1,,,,,,,,,,,,,,,,
,,,,,,,,,,,,,,3,12,1,,,,,,,,,,,,,,,,
,,,,,,,,,,,,,,3,37,2,,,,,,,,,,,,,,,,
,,,,,,,,,,,,,,3,47,1,,,,,,,,,,,,,,,,
,,,,,,,,,,,,,,3,13,2,,,,,,,,,,,,,,,,
,,,,,,,,,,,,,,3,48,2,,,,,,,,,,,,,,,,
,,,,,,,,,,,,,,1,42,1,,,,,,,,,,,,,,,,
,,,,,,,,,,,,,,4,6,1,,,,,,,,,,,,,,,,
,,,,,,,,,,,,,,3,12,1,,,,,,,,,,,,,,,,
,,,,,,,,,,,,,,3,48,1,,,,,,,,,,,,,,,,
,,,,,,,,,,,,,,4,6,2,,,,,,,,,,,,,,,,
,,,,,,,,,,,,,,4,6,1,,,,,,,,,,,,,,,,
,,,,,,,,,,,,,,2,18,2,,,,,,,,,,,,,,,,
,,,,,,,,,,,,,,2,29,2,,,,,,,,,,,,,,,,
,,,,,,,,,,,,,,2,29,1,,,,,,,,,,,,,,,,
,,,,,,,,,,,,,,4,6,1,,,,,,,,,,,,,,,,
,,,,,,,,,,,,,,4,6,1,,,,,,,,,,,,,,,,
,,,,,,,,,,,,,,2,39,1,,,,,,,,,,,,,,,,
,,,,,,,,,,,,,,4,6,2,,,,,,,,,,,,,,,,
,,,,,,,,,,,,,,4,6,1,,,,,,,,,,,,,,,,
,,,,,,,,,,,,,,3,45,1,,,,,,,,,,,,,,,,
,,,,,,,,,,,,,,1,34,1,,,,,,,,,,,,,,,,
,,,,,,,,,,,,,,1,36,1,,,,,,,,,,,,,,,,
,,,,,,,,,,,,,,3,24,2,,,,,,,,,,,,,,,,
,,,,,,,,,,,,,,3,24,2,,,,,,,,,,,,,,,,
,,,,,,,,,,,,,,2,26,1,,,,,,,,,,,,,,,,
,,,,,,,,,,,,,,1,34,2,,,,,,,,,,,,,,,,
,,,,,,,,,,,,,,2,27,2,,,,,,,,,,,,,,,,
,,,,,,,,,,,,,,2,17,2,,,,,,,,,,,,,,,,
,,,,,,,,,,,,,,3,12,1,,,,,,,,,,,,,,,,
,,,,,,,,,,,,,,3,48,1,,,,,,,,,,,,,,,,
,,,,,,,,,,,,,,3,48,1,,,,,,,,,,,,,,,,
,,,,,,,,,,,,,,3,47,1,,,,,,,,,,,,,,,,
,,,,,,,,,,,,,,3,48,2,,,,,,,,,,,,,,,,
,,,,,,,,,,,,,,2,55,1,,,,,,,,,,,,,,,,
,,,,,,,,,,,,,,1,42,2,,,,,,,,,,,,,,,,
,,,,,,,,,,,,,,1,36,2,,,,,,,,,,,,,,,,
,,,,,,,,,,,,,,1,9,1,,,,,,,,,,,,,,,,
,,,,,,,,,,,,,,3,37,1,,,,,,,,,,,,,,,,
,,,,,,,,,,,,,,1,23,2,,,,,,,,,,,,,,,,
,,,,,,,,,,,,,,2,20,2,,,,,,,,,,,,,,,,
,,,,,,,,,,,,,,2,20,2,,,,,,,,,,,,,,,,
,,,,,,,,,,,,,,3,48,2,,,,,,,,,,,,,,,,
,,,,,,,,,,,,,,1,36,2,,,,,,,,,,,,,,,,
,,,,,,,,,,,,,,2,39,1,,,,,,,,,,,,,,,,
,,,,,,,,,,,,,,4,6,1,,,,,,,,,,,,,,,,
,,,,,,,,,,,,,,2,17,2,,,,,,,,,,,,,,,,
,,,,,,,,,,,,,,4,53,1,,,,,,,,,,,,,,,,
,,,,,,,,,,,,,,2,27,2,,,,,,,,,,,,,,,,
,,,,,,,,,,,,,,1,34,2,,,,,,,,,,,,,,,,
,,,,,,,,,,,,,,4,41,2,,,,,,,,,,,,,,,,
,,,,,,,,,,,,,,4,8,2,,,,,,,,,,,,,,,,
,,,,,,,,,,,,,,4,6,1,,,,,,,,,,,,,,,,
,,,,,,,,,,,,,,4,6,2,,,,,,,,,,,,,,,,
,,,,,,,,,,,,,,3,48,2,,,,,,,,,,,,,,,,
,,,,,,,,,,,,,,3,40,1,,,,,,,,,,,,,,,,
,,,,,,,,,,,,,,4,53,1,,,,,,,,,,,,,,,,
,,,,,,,,,,,,,,4,6,2,,,,,,,,,,,,,,,,
,,,,,,,,,,,,,,4,6,2,,,,,,,,,,,,,,,,
,,,,,,,,,,,,,,4,53,2,,,,,,,,,,,,,,,,
,,,,,,,,,,,,,,4,6,1,,,,,,,,,,,,,,,,
,,,,,,,,,,,,,,4,6,1,,,,,,,,,,,,,,,,
,,,,,,,,,,,,,,1,42,1,,,,,,,,,,,,,,,,
,,,,,,,,,,,,,,3,13,1,,,,,,,,,,,,,,,,
,,,,,,,,,,,,,,3,12,2,,,,,,,,,,,,,,,,
,,,,,,,,,,,,,,1,36,2,,,,,,,,,,,,,,,,
,,,,,,,,,,,,,,2,39,1,,,,,,,,,,,,,,,,
,,,,,,,,,,,,,,3,37,2,,,,,,,,,,,,,,,,
,,,,,,,,,,,,,,2,26,1,,,,,,,,,,,,,,,,
,,,,,,,,,,,,,,2,27,2,,,,,,,,,,,,,,,,
,,,,,,,,,,,,,,3,45,2,,,,,,,,,,,,,,,,
,,,,,,,,,,,,,,3,21,2,,,,,,,,,,,,,,,,
,,,,,,,,,,,,,,3,48,1,,,,,,,,,,,,,,,,
,,,,,,,,,,,,,,2,17,1,,,,,,,,,,,,,,,,
,,,,,,,,,,,,,,4,16,1,,,,,,,,,,,,,,,,
,,,,,,,,,,,,,,4,53,2,,,,,,,,,,,,,,,,